Individual	Date	Month	Year	YearAndMonth	Season	Sex	Maturity	Weight	WeightClass	VentralMantleLength	AgeReading 1	AgeReading 2	AgeReading 3	MeanAge	StandardDeviation	CV	HatchingDate	HatchingMonth	HatchingYear	HatchingSeason	SampledInFishMarket
1	10/11/22	11	2022	2022-11	Autumn	F		1.24	20	10	353	351	327	352	1.4142135624	0.4017652166	23/11/21	11	2021	Autumn	Yes
2	10/11/22	11	2022	2022-11	Autumn	M	Mature	1.67	20	10	364	343	326	334.5	12.0208152802	3.5936667504	10/12/21	12	2021	Autumn	Yes
3	10/11/22	11	2022	2022-11	Autumn	M	Mature	1.43	20	10	359	359	356	359	0	0	16/11/21	11	2021	Autumn	Yes
4	10/11/22	11	2022	2022-11	Autumn	F		1.16	20	9	320	314	304	317	4.2426406871	1.3383724565	28/12/21	12	2021	Autumn	Yes
5	10/11/22	11	2022	2022-11	Autumn	M	Maturation	1.09	20	9	351	340	383	345.5	7.7781745931	2.2512806347	29/11/21	11	2021	Autumn	Yes
6	10/11/22	11	2022	2022-11	Autumn	M	Immature	0.76	30	7	251	301	281	291	14.1421356237	4.8598404205	23/01/22	1	2022	Winter	Yes
7	10/11/22	11	2022	2022-11	Autumn	M	Mature	2.44	10	13	360	389	443	374.5	20.5060966544	5.4755932322	31/10/21	10	2021	Autumn	Yes
8	10/11/22	11	2022	2022-11	Autumn	F		2.07	10	12	259	278	430	268.5	13.4350288425	5.0037351369	14/02/22	2	2022	Winter	Yes
9	10/11/22	11	2022	2022-11	Autumn	F		2.17	10	11	327	354	404	340.5	19.091883092	5.6070141239	04/12/21	12	2021	Autumn	Yes
10	10/11/22	11	2022	2022-11	Autumn	M	Mature	2.5	10	13	363	406	430	418	16.9705627485	4.0599432413	18/09/21	9	2021	Summer	Yes
11	10/11/22	11	2022	2022-11	Autumn	F		2.92	10	15	335	476	425	450.5	36.0624458405	8.0049824285	16/08/21	8	2021	Summer	Yes
12	10/11/22	11	2022	2022-11	Autumn	M	Mature	3.17	11	13	378	420	462	441	29.6984848098	6.734350297	26/08/21	8	2021	Summer	Yes
13	10/11/22	11	2022	2022-11	Autumn	F	Maturation	4.24	11	14	405	402	415	403.5	2.1213203436	0.5257299488	02/10/21	10	2021	Autumn	Yes
14	10/11/22	11	2022	2022-11	Autumn	M	Mature	3.16	11	13	510	538	598	524	19.7989898732	3.7784331819	04/06/21	6	2021	Spring	Yes
15	10/11/22	11	2022	2022-11	Autumn	F	Maturation	4.25	11	15	361	363	340	362	1.4142135624	0.3906667299	13/11/21	11	2021	Autumn	Yes
16	29/11/22	11	2022	2022-11	Autumn	M	Mature	2.18			434	451	447	449	2.8284271247	0.629939226	06/09/21	9	2021	Summer	No
17	29/11/22	11	2022	2022-11	Autumn	M	Mature	4.62			431	505	566	535.5	43.1335136524	8.0548111396	11/06/21	6	2021	Spring	No
18	29/11/22	11	2022	2022-11	Autumn	F	Maturation	4.68			366	439	477	458	26.8700576851	5.8668248221	28/08/21	8	2021	Summer	No
19	29/11/22	11	2022	2022-11	Autumn	M	Mature	4.64			441	472	418	429.5	16.2634559673	3.7866020878	25/09/21	9	2021	Summer	No
20	29/11/22	11	2022	2022-11	Autumn	F	Immature	1.2			331	351	315	323	11.313708499	3.5026961297	10/01/22	1	2022	Winter	No
21	29/11/22	11	2022	2022-11	Autumn	F	Immature	1.46			301	316	433	308.5	10.6066017178	3.438120492	24/01/22	1	2022	Winter	No
22	29/11/22	11	2022	2022-11	Autumn	F	Immature	1.72			349	400	350	349.5	0.7071067812	0.2023195368	14/12/21	12	2021	Autumn	No
23	29/11/22	11	2022	2022-11	Autumn	M	Mature	2.08			344	360	336	340	5.6568542495	1.6637806616	24/12/21	12	2021	Autumn	No
24	29/11/22	11	2022	2022-11	Autumn	M	Mature	0.98			385	381	357	383	2.8284271247	0.7384927219	11/11/21	11	2021	Autumn	No
25	29/11/22	11	2022	2022-11	Autumn	M	Maturation	1.42			335	392	421	406.5	20.5060966544	5.0445502225	18/10/21	10	2021	Autumn	No
26	06/12/22	12	2022	2022-12	Autumn	M	Mature	2.87	10	15	410	453	418	414	5.6568542495	1.3663899153	18/10/21	10	2021	Autumn	Yes
27	06/12/22	12	2022	2022-12	Autumn	F	Maturation	3.43	11	15	390	392	339	391	1.4142135624	0.3616914482	10/11/21	11	2021	Autumn	Yes
28	06/12/22	12	2022	2022-12	Autumn	M	Mature	3.26	11	15	444	455	370	449.5	7.7781745931	1.7304059161	12/09/21	9	2021	Summer	Yes
29	06/12/22	12	2022	2022-12	Autumn	F	Maturation	3.05	11	16	351	390	408	399	12.7279220614	3.1899554038	02/11/21	11	2021	Autumn	Yes
30	06/12/22	12	2022	2022-12	Autumn	F	Maturation	4.69	11	18	498	435	536	517	26.8700576851	5.1973032273	07/07/21	7	2021	Summer	Yes
31	06/12/22	12	2022	2022-12	Autumn	F	Immature	1.77	20	12	388	361	398	393	7.0710678119	1.7992538961	08/11/21	11	2021	Autumn	Yes
32	06/12/22	12	2022	2022-12	Autumn	M	Maturation	1.47	20	11	366	364	369	365	1.4142135624	0.3874557705	06/12/21	12	2021	Autumn	Yes
33	06/12/22	12	2022	2022-12	Autumn	M	Maturation	0.75	30	9	297	353	288	292.5	6.3639610307	2.1757131729	16/02/22	2	2022	Winter	Yes
34	06/12/22	12	2022	2022-12	Autumn	F	Immature	1.84	20	10	406	435	428	431.5	4.9497474683	1.1471025419	30/09/21	9	2021	Summer	Yes
35	06/12/22	12	2022	2022-12	Autumn	M	Mature	2.48	10	12	476	488	458	482	8.4852813742	1.7604318204	11/08/21	8	2021	Summer	Yes
36	06/12/22	12	2022	2022-12	Autumn	F	Maturation	2.46	10	13	387	466	385	386	1.4142135624	0.3663765706	15/11/21	11	2021	Autumn	Yes
37	06/12/22	12	2022	2022-12	Autumn	F	Maturation	2.24	10	12	366	366	490	366	0	0	05/12/21	12	2021	Autumn	Yes
38	06/12/22	12	2022	2022-12	Autumn	F	Immature	0.97	30	9	352	374	367	370.5	4.9497474683	1.335964229	30/11/21	11	2021	Autumn	Yes
39	06/12/22	12	2022	2022-12	Autumn	M	Maturation	1.06	20	10	394	344	339	341.5	3.5355339059	1.0352954337	29/12/21	12	2021	Autumn	Yes
40	06/12/22	12	2022	2022-12	Autumn	F	Immature	0.74	30	7	496	513	460	504.5	12.0208152802	2.3827185887	19/07/21	7	2021	Summer	Yes
41	21/12/22	12	2022	2022-12	Autumn	F	Maturation	2.62	10	12	446	367	382	374.5	10.6066017178	2.8322033959	11/12/21	12	2021	Autumn	Yes
42	21/12/22	12	2022	2022-12	Autumn	F	Maturation	2.63	10	13	433	463	504	448	21.2132034356	4.7350900526	29/09/21	9	2021	Summer	Yes
43	21/12/22	12	2022	2022-12	Autumn	F	Maturation	2	10	13	343	405	423	414	12.7279220614	3.0743773095	02/11/21	11	2021	Autumn	Yes
44	21/12/22	12	2022	2022-12	Autumn	M	Mature	2.37	10	12	419	432	542	425.5	9.1923881554	2.1603732445	21/10/21	10	2021	Autumn	Yes
45	21/12/22	12	2022	2022-12	Autumn	M	Mature	2.37	10	12	368	474	366	367	1.4142135624	0.3853442949	19/12/21	12	2021	Autumn	Yes
46	21/12/22	12	2022	2022-12	Autumn	M	Mature	2.98	10	13	501	452	485	493	11.313708499	2.2948698781	15/08/21	8	2021	Summer	Yes
47	21/12/22	12	2022	2022-12	Autumn	F	Maturation	2.92	10	13	371	411	392	401.5	13.4350288425	3.3462089272	14/11/21	11	2021	Autumn	Yes
48	21/12/22	12	2022	2022-12	Autumn	M	Mature	3.46	11	14	405	437	362	421	22.627416998	5.3746833724	26/10/21	10	2021	Autumn	Yes
49	21/12/22	12	2022	2022-12	Autumn	F	Maturation	3.95	11	15	302	311	291	306.5	6.3639610307	2.0763331258	17/02/22	2	2022	Winter	Yes
50	21/12/22	12	2022	2022-12	Autumn	M	Mature	3.93	11	13	456	508	561	534.5	37.4766594029	7.0115359033	04/07/21	7	2021	Summer	Yes
51	21/12/22	12	2022	2022-12	Autumn	M	Mature	1.89	20	11	356	345	341	343	2.8284271247	0.8246143221	12/01/22	1	2022	Winter	Yes
52	21/12/22	12	2022	2022-12	Autumn	F	Immature	1.8	20	9	400	397	401	400.5	0.7071067812	0.1765560003	15/11/21	11	2021	Autumn	Yes
53	21/12/22	12	2022	2022-12	Autumn	M	Maturation	2.1	10	11	384	383	389	383.5	0.7071067812	0.1843824723	02/12/21	12	2021	Autumn	Yes
54	21/12/22	12	2022	2022-12	Autumn	F	Immature	1.47	20	10	308	343	346	344.5	2.1213203436	0.6157678791	10/01/22	1	2022	Winter	Yes
55	21/12/22	12	2022	2022-12	Autumn	M	Maturation	1.45	20	11	365	323	331	327	5.6568542495	1.7299248469	28/01/22	1	2022	Winter	Yes
56	05/01/23	1	2023	2023-01	Winter	M	Immature	0.37	30	9	287	313	295	291	5.6568542495	1.9439361682	20/03/22	3	2022	Winter	Yes
57	05/01/23	1	2023	2023-01	Winter	F	Maturation	1	20	9	343	367	351	347	5.6568542495	1.630217363	23/01/22	1	2022	Winter	Yes
58	05/01/23	1	2023	2023-01	Winter	F	Immature	0.9	30	8	308	345	312	310	2.8284271247	0.9123958467	01/03/22	3	2022	Winter	Yes
59	05/01/23	1	2023	2023-01	Winter	M	Maturation	0.44	30	7	300	304	292	302	2.8284271247	0.9365652731	09/03/22	3	2022	Winter	Yes
60	05/01/23	1	2023	2023-01	Winter	F	Maturation	1.34	20	10	307	278	285	281.5	4.9497474683	1.7583472356	29/03/22	3	2022	Winter	Yes
61	05/01/23	1	2023	2023-01	Winter	F	Maturation	1.52	20	12	374	442	352	363	15.5563491861	4.2854956436	07/01/22	1	2022	Winter	Yes
62	05/01/23	1	2023	2023-01	Winter	M	Mature	1.68	20	11	336	407	362	349	18.3847763109	5.2678442151	21/01/22	1	2022	Winter	Yes
63	05/01/23	1	2023	2023-01	Winter	M	Mature	1.36	20	11	261	329	294	311.5	24.7487373415	7.9450200133	27/02/22	2	2022	Winter	Yes
64	05/01/23	1	2023	2023-01	Winter	F	Maturation	2.66	10	14	341	372	352	346.5	7.7781745931	2.2447834323	23/01/22	1	2022	Winter	Yes
65	05/01/23	1	2023	2023-01	Winter	F	Maturation	2.23	10	14	369	359	319	364	7.0710678119	1.9426010472	06/01/22	1	2022	Winter	Yes
66	05/01/23	1	2023	2023-01	Winter	F	Maturation	2.34	10	13	364	352	393	358	8.4852813742	2.370190328	12/01/22	1	2022	Winter	Yes
67	05/01/23	1	2023	2023-01	Winter	M	Mature	2.32	10	13	366	355	407	360.5	7.7781745931	2.1576073767	09/01/22	1	2022	Winter	Yes
68	05/01/23	1	2023	2023-01	Winter	F	Maturation	3.33	11	18	360	397	306	378.5	26.1629509039	6.9122723656	22/12/21	12	2021	Autumn	Yes
69	05/01/23	1	2023	2023-01	Winter	F	Maturation	3.79	11	18	319	356	320	319.5	0.7071067812	0.2213166764	19/02/22	2	2022	Winter	Yes
70	05/01/23	1	2023	2023-01	Winter	M	Mature	4.8	11	18	333	449	478	463.5	20.5060966544	4.424184823	28/09/21	9	2021	Summer	Yes
71	20/01/23	1	2023	2023-01	Winter	F	Maturation	4.14	11	13	312	398	497	447.5	70.0035713375	15.6432561648	29/10/21	10	2021	Autumn	Yes
72	20/01/23	1	2023	2023-01	Winter	M	Mature	3.92	11	13	382	413	481	397.5	21.9203102168	5.5145434508	18/12/21	12	2021	Autumn	Yes
73	20/01/23	1	2023	2023-01	Winter	F	Maturation	3.06	11	13	438	426	448	443	7.0710678119	1.5961778356	03/11/21	11	2021	Autumn	Yes
74	20/01/23	1	2023	2023-01	Winter	M	Mature	3.4	11	13	483	467	441	475	11.313708499	2.3818333682	02/10/21	10	2021	Autumn	Yes
75	20/01/23	1	2023	2023-01	Winter	F	Mature	4.2	11	14	453	472	519	462.5	13.4350288425	2.9048711011	14/10/21	10	2021	Autumn	Yes
76	20/01/23	1	2023	2023-01	Winter	F	Immature	2.16	10	10	341	398	349	345	5.6568542495	1.6396678984	09/02/22	2	2022	Winter	Yes
77	20/01/23	1	2023	2023-01	Winter	M	Mature	2.56	10	11	453	503	456	454.5	2.1213203436	0.4667371493	22/10/21	10	2021	Autumn	Yes
78	20/01/23	1	2023	2023-01	Winter	M	Mature	1.72	20	10	421	443	422	421.5	0.7071067812	0.1677596159	24/11/21	11	2021	Autumn	Yes
79	20/01/23	1	2023	2023-01	Winter	F	Maturation	1.48	20	9	392	456	408	400	11.313708499	2.8284271247	16/12/21	12	2021	Autumn	Yes
80	20/01/23	1	2023	2023-01	Winter	F	Immature	1.04	20	7	284	291	288	289.5	2.1213203436	0.7327531411	05/04/22	4	2022	Spring	Yes
81	20/01/23	1	2023	2023-01	Winter	M	Maturation	0.9	30	7	308	374	325	316.5	12.0208152802	3.7980459021	09/03/22	3	2022	Winter	Yes
82	20/01/23	1	2023	2023-01	Winter	M	Mature	1.18	20	9	441	425	422	423.5	2.1213203436	0.5009020882	22/11/21	11	2021	Autumn	Yes
83	20/01/23	1	2023	2023-01	Winter	M	Maturation	0.94	30	6	332	350	383	341	12.7279220614	3.7325284637	13/02/22	2	2022	Winter	Yes
84	20/01/23	1	2023	2023-01	Winter	M	Maturation	0.76	30	7	333	327	344	330	4.2426406871	1.2856486931	24/02/22	2	2022	Winter	Yes
85	20/01/23	1	2023	2023-01	Winter	F	Immature	0.82	30	7	391	416	367	403.5	17.6776695297	4.381082907	12/12/21	12	2021	Autumn	Yes
86	20/01/23	1	2023	2023-01	Winter	F	Immature	0.98	30	7	367	338	307	352.5	20.5060966544	5.8173323842	01/02/22	2	2022	Winter	Yes
87	09/02/23	2	2023	2023-02	Winter	M	Maturation	0.58	30	8	422	397	340	409.5	17.6776695297	4.316891216	26/12/21	12	2021	Autumn	Yes
88	09/02/23	2	2023	2023-02	Winter	M	Maturation	0.58	30	8	321	344	333	338.5	7.7781745931	2.2978359211	07/03/22	3	2022	Winter	Yes
89	09/02/23	2	2023	2023-02	Winter	F	Immature	0.86	30	8	347	348	400	347.5	0.7071067812	0.2034839658	26/02/22	2	2022	Winter	Yes
90	09/02/23	2	2023	2023-02	Winter	M	Maturation	0.64	30	8	345	360	334	339.5	7.7781745931	2.2910676268	06/03/22	3	2022	Winter	Yes
91	09/02/23	2	2023	2023-02	Winter	M	Mature	1.66	20	10	426	418	354	422	5.6568542495	1.340486789	14/12/21	12	2021	Autumn	Yes
92	09/02/23	2	2023	2023-02	Winter	F	Immature	1.26	20	10	401	323	414	407.5	9.1923881554	2.2558007743	28/12/21	12	2021	Autumn	Yes
93	09/02/23	2	2023	2023-02	Winter	M	Mature	0.92	30	9	327	298	333	330	4.2426406871	1.2856486931	16/03/22	3	2022	Winter	Yes
94	09/02/23	2	2023	2023-02	Winter	F	Maturation	1.04	20	10	460	435	471	465.5	7.7781745931	1.6709290211	31/10/21	10	2021	Autumn	Yes
95	09/02/23	2	2023	2023-02	Winter	F	Maturation	2	10	13	353	362	402	357.5	6.3639610307	1.7801289596	16/02/22	2	2022	Winter	Yes
96	09/02/23	2	2023	2023-02	Winter	F	Maturation	2.1	10	12	408	541	472	506.5	48.7903679019	9.6328465749	20/09/21	9	2021	Summer	Yes
97	09/02/23	2	2023	2023-02	Winter	M	Mature	2.32	10	12	374	346	410	360	19.7989898732	5.4997194092	14/02/22	2	2022	Winter	Yes
98	09/02/23	2	2023	2023-02	Winter	M	Mature	2.14	10	13	392	377	399	395.5	4.9497474683	1.2515164269	09/01/22	1	2022	Winter	Yes
99	09/02/23	2	2023	2023-02	Winter	M	Mature	2.7	10	13	456	384	396	390	8.4852813742	2.1757131729	15/01/22	1	2022	Winter	Yes
100	09/02/23	2	2023	2023-02	Winter	M	Mature	2.98	10	13	397	466	480	473	9.8994949366	2.0929164771	24/10/21	10	2021	Autumn	Yes
101	09/02/23	2	2023	2023-02	Winter	F	Maturation	4.32	11	15	331	346	392	338.5	10.6066017178	3.1334126197	07/03/22	3	2022	Winter	Yes
102	09/02/23	2	2023	2023-02	Winter	F	Maturation	4.34	11	18	368	397	579	382.5	20.5060966544	5.3610710208	22/01/22	1	2022	Winter	Yes
103	03/03/23	3	2023	2023-03	Winter	M	Maturation	0.68	30	8	313	305	312	312.5	0.7071067812	0.22627417	24/04/22	4	2022	Spring	Yes
104	03/03/23	3	2023	2023-03	Winter	M	Maturation	0.92	30	8	327	368	341	334	9.8994949366	2.9639206397	03/04/22	4	2022	Spring	Yes
105	03/03/23	3	2023	2023-03	Winter	F	Maturation	1	20	9	377	355	397	387	14.1421356237	3.6542986108	09/02/22	2	2022	Winter	Yes
106	03/03/23	3	2023	2023-03	Winter	F	Immature	0.64	30	7	322	379	372	375.5	4.9497474683	1.3181750914	20/02/22	2	2022	Winter	Yes
107	03/03/23	3	2023	2023-03	Winter	M	Mature	1.5	20	8	442	403	436	439	4.2426406871	0.9664329583	19/12/21	12	2021	Autumn	Yes
108	03/03/23	3	2023	2023-03	Winter	M	Mature	1.5	20	9	358	407	393	400	9.8994949366	2.4748737342	27/01/22	1	2022	Winter	Yes
109	03/03/23	3	2023	2023-03	Winter	F	Immature	1.18	20	11	338	348	303	343	7.0710678119	2.0615358052	25/03/22	3	2022	Winter	Yes
110	03/03/23	3	2023	2023-03	Winter	F	Maturation	2.14	10	13	513	523	481	518	7.0710678119	1.3650710062	01/10/21	10	2021	Autumn	Yes
111	03/03/23	3	2023	2023-03	Winter	F	Maturation	2.42	10	12	325	425	465	445	28.2842712475	6.3560160107	13/12/21	12	2021	Autumn	Yes
112	03/03/23	3	2023	2023-03	Winter	F	Maturation	2.84	10	15	449	411	350	430	26.8700576851	6.2488506244	28/12/21	12	2021	Autumn	Yes
113	03/03/23	3	2023	2023-03	Winter	M	Mature	2.64	10	13	384	369	342	376.5	10.6066017178	2.8171584908	19/02/22	2	2022	Winter	Yes
114	03/03/23	3	2023	2023-03	Winter	M	Mature	1.94	20	11	447	405	400	402.5	3.5355339059	0.878393517	24/01/22	1	2022	Winter	Yes
115	03/03/23	3	2023	2023-03	Winter	M	Mature	3.3	11	15	456	429	397	442.5	19.091883092	4.3145498513	15/12/21	12	2021	Autumn	Yes
116	03/03/23	3	2023	2023-03	Winter	F	Mature	3.3	11	16	443	316	357	336.5	28.9913780286	8.615565536	31/03/22	3	2022	Winter	Yes
117	03/03/23	3	2023	2023-03	Winter	M	Mature	4.4	11	17	546	452	523	534.5	16.2634559673	3.0427419958	14/09/21	9	2021	Summer	Yes
118	03/03/23	3	2023	2023-03	Winter	F	Maturation	4.12	11	16	533	408	481	507	36.7695526217	7.2523772429	12/10/21	10	2021	Autumn	Yes
119	17/03/23	3	2023	2023-03	Winter	M	Immature	0.32	30	6	357	365	452	361	5.6568542495	1.566995637	21/03/22	3	2022	Winter	Yes
120	17/03/23	3	2023	2023-03	Winter	M	Maturation	0.88	30	9	333	461	425	443	25.4558441227	5.7462402083	29/12/21	12	2021	Autumn	Yes
121	17/03/23	3	2023	2023-03	Winter	F	Immature	0.9	30	9	410	347	375	361	19.7989898732	5.4844847294	21/03/22	3	2022	Winter	Yes
122	17/03/23	3	2023	2023-03	Winter	F	Immature	0.88	30	8	349	349	306	349	0	0	02/04/22	4	2022	Spring	Yes
123	17/03/23	3	2023	2023-03	Winter	M	Mature	1.58	20	10	331	353	428	342	15.5563491861	4.5486401129	09/04/22	4	2022	Spring	Yes
124	17/03/23	3	2023	2023-03	Winter	M	Mature	1.46	20	11	400	455	393	396.5	4.9497474683	1.2483600172	13/02/22	2	2022	Winter	Yes
125	17/03/23	3	2023	2023-03	Winter	F	Immature	1.32	20	10	348	348	411	348	0	0	03/04/22	4	2022	Spring	Yes
126	17/03/23	3	2023	2023-03	Winter	F	Immature	1.64	20	10	375	394	397	395.5	2.1213203436	0.5363641829	14/02/22	2	2022	Winter	Yes
127	17/03/23	3	2023	2023-03	Winter	M	Mature	2.46	10	11	390	421	371	380.5	13.4350288425	3.5308880007	01/03/22	3	2022	Winter	Yes
128	17/03/23	3	2023	2023-03	Winter	F	Maturation	1.74	20	11	390	384	444	387	4.2426406871	1.0962895832	23/02/22	2	2022	Winter	Yes
129	17/03/23	3	2023	2023-03	Winter	F	Mature	3	11	15	510	434	477	493.5	23.3345237792	4.7283736128	08/11/21	11	2021	Autumn	Yes
130	17/03/23	3	2023	2023-03	Winter	M	Mature	2.64	10	12	416	541	426	421	7.0710678119	1.6795885539	20/01/22	1	2022	Winter	Yes
131	17/03/23	3	2023	2023-03	Winter	M	Mature	4.24	11	16	524	592	469	496.5	38.8908729653	7.8330056325	05/11/21	11	2021	Autumn	Yes
132	17/03/23	3	2023	2023-03	Winter	M	Mature	3.38	11	13	540	552	517	546	8.4852813742	1.5540808378	17/09/21	9	2021	Summer	Yes
133	17/03/23	3	2023	2023-03	Winter	F	Mature	4.76	11	19	474	373	514	494	28.2842712475	5.7255609813	08/11/21	11	2021	Autumn	Yes
134	17/03/23	3	2023	2023-03	Winter	F	Mature	3.76	11	19	572	526	490	508	25.4558441227	5.0109929375	25/10/21	10	2021	Autumn	Yes
135	06/04/23	4	2023	2023-04	Spring	M	Mature	1.44	20	11	344	327	395	335.5	12.0208152802	3.5829553741	05/05/22	5	2022	Spring	Yes
136	06/04/23	4	2023	2023-04	Spring	F	Immature	1.96	20	11	482	464	376	473	12.7279220614	2.6908926134	19/12/21	12	2021	Autumn	Yes
137	06/04/23	4	2023	2023-04	Spring	F	Immature	2.12	10	10	399	367	374	370.5	4.9497474683	1.335964229	31/03/22	3	2022	Winter	Yes
138	06/04/23	4	2023	2023-04	Spring	M	Mature	2.1	10	10	444	424	372	434	14.1421356237	3.2585565953	27/01/22	1	2022	Winter	Yes
139	06/04/23	4	2023	2023-04	Spring	F	Mature	2.54	10	13	450	432	398	441	12.7279220614	2.8861501273	20/01/22	1	2022	Winter	Yes
140	06/04/23	4	2023	2023-04	Spring	M	Maturation	2.42	10	12	476	485	372	480.5	6.3639610307	1.3244455839	11/12/21	12	2021	Autumn	Yes
141	06/04/23	4	2023	2023-04	Spring	M	Mature	3.1	11	12	452	402	406	404	2.8284271247	0.7001057239	26/02/22	2	2022	Winter	Yes
142	06/04/23	4	2023	2023-04	Spring	F	Maturation	2.32	10	10	488	459	439	449	14.1421356237	3.14969613	12/01/22	1	2022	Winter	Yes
143	06/04/23	4	2023	2023-04	Spring	F	Maturation	1.26	20	11	343	431	331	337	8.4852813742	2.5178876481	04/05/22	5	2022	Spring	Yes
144	06/04/23	4	2023	2023-04	Spring	F	Maturation	3.22	11	15	389	495	493	494	1.4142135624	0.2862780491	28/11/21	11	2021	Autumn	Yes
145	06/04/23	4	2023	2023-04	Spring	F	Mature	4.94	11	17	571	519	527	523	5.6568542495	1.0816164913	30/10/21	10	2021	Autumn	Yes
146	06/04/23	4	2023	2023-04	Spring	M	Immature	0.9	30	8	419	446	423	421	2.8284271247	0.6718354216	09/02/22	2	2022	Winter	Yes
147	06/04/23	4	2023	2023-04	Spring	M	Mature	3.94	11	14	476	491	459	483.5	10.6066017178	2.1937128682	08/12/21	12	2021	Autumn	Yes
148	06/04/23	4	2023	2023-04	Spring	M	Mature	3.74	11	12	460	389	450	455	7.0710678119	1.5540808378	06/01/22	1	2022	Winter	Yes
149	06/04/23	4	2023	2023-04	Spring	F	Immature	0.84	30	9	355	353	352	352.5	0.7071067812	0.2005976684	18/04/22	4	2022	Spring	Yes
150	06/04/23	4	2023	2023-04	Spring	M	Maturation	1	20	9	418	436	391	427	12.7279220614	2.9807780003	03/02/22	2	2022	Winter	Yes
151	19/04/23	4	2023	2023-04	Spring	M	Maturation	0.8	30	9	373	326	311	318.5	10.6066017178	3.3301732238	04/06/22	6	2022	Spring	Yes
152	19/04/23	4	2023	2023-04	Spring	F	Immature	1.34	20	9	387	438	397	392	7.0710678119	1.8038438296	23/03/22	3	2022	Winter	Yes
153	19/04/23	4	2023	2023-04	Spring	F	Maturation	2.02	10	13	411	417	390	414	4.2426406871	1.0247924365	01/03/22	3	2022	Winter	Yes
154	19/04/23	4	2023	2023-04	Spring	M	Mature	1.64	20	11	379	390	355	384.5	7.7781745931	2.0229322739	30/03/22	3	2022	Winter	Yes
155	19/04/23	4	2023	2023-04	Spring	F	Mature	2.6	10	14	437	471	440	438.5	2.1213203436	0.4837674672	04/02/22	2	2022	Winter	Yes
156	19/04/23	4	2023	2023-04	Spring	M	Mature	2.22	10	12	420	453	402	411	12.7279220614	3.0968180198	04/03/22	3	2022	Winter	Yes
157	19/04/23	4	2023	2023-04	Spring	F	Mature	4.12	11	14	375	363	430	369	8.4852813742	2.2995342478	15/04/22	4	2022	Spring	Yes
158	19/04/23	4	2023	2023-04	Spring	M	Mature	3.44	11	12	394	538	527	532.5	7.7781745931	1.4606900644	02/11/21	11	2021	Autumn	Yes
159	19/04/23	4	2023	2023-04	Spring	F	Maturation	2.78	10	13	380	380	374	380	0	0	04/04/22	4	2022	Spring	Yes
160	19/04/23	4	2023	2023-04	Spring	M	Immature	0.16			253	221	250	251.5	2.1213203436	0.8434673334	10/08/22	8	2022	Summer	No
161	19/04/23	4	2023	2023-04	Spring	F	Immature	0.22			313	239	249	244	7.0710678119	2.8979786114	18/08/22	8	2022	Summer	No
162	19/04/23	4	2023	2023-04	Spring	F	Immature	0.08			252	272	269	270.5	2.1213203436	0.7842219385	22/07/22	7	2022	Summer	No
163	19/04/23	4	2023	2023-04	Spring	F	Immature	0.16			279	310	290	284.5	7.7781745931	2.7339805248	08/07/22	7	2022	Summer	No
164	19/04/23	4	2023	2023-04	Spring	F	Immature	0.04			215	210	215	215	0	0	16/09/22	9	2022	Summer	No
165	05/05/23	5	2023	2023-05	Spring	F	Maturation	1.96	20	12	396	387	337	391.5	6.3639610307	1.6255328303	08/04/22	4	2022	Spring	Yes
166	05/05/23	5	2023	2023-05	Spring	F	Mature	2.32	10	13	376	396	395	395.5	0.7071067812	0.178788061	04/04/22	4	2022	Spring	Yes
167	05/05/23	5	2023	2023-05	Spring	M	Mature	2.82	10	12	350	359	465	354.5	6.3639610307	1.7951935206	15/05/22	5	2022	Spring	Yes
168	05/05/23	5	2023	2023-05	Spring	M	Mature	1.96	20	10	372	395	351	361.5	14.8492424049	4.1076742476	08/05/22	5	2022	Spring	Yes
169	05/05/23	5	2023	2023-05	Spring	M	Mature	1.24	20	10	383	313	388	385.5	3.5355339059	0.9171294179	14/04/22	4	2022	Spring	Yes
170	05/05/23	5	2023	2023-05	Spring	F	Mature	1.64	20	11	378	411	421	416	7.0710678119	1.6997759163	15/03/22	3	2022	Winter	Yes
171	05/05/23	5	2023	2023-05	Spring	M	Mature	1.4	20	11	305	374	354	364	14.1421356237	3.8852020944	06/05/22	5	2022	Spring	Yes
172	05/05/23	5	2023	2023-05	Spring	F	Immature	1.12	20	9	426	428	396	427	1.4142135624	0.3311975556	04/03/22	3	2022	Winter	Yes
173	05/05/23	5	2023	2023-05	Spring	M	Mature	4.5	11	15	458	435	493	446.5	16.2634559673	3.6424313477	12/02/22	2	2022	Winter	Yes
174	05/05/23	5	2023	2023-05	Spring	F	Maturation	3.16	11	15	491	436	460	448	16.9705627485	3.7880720421	11/02/22	2	2022	Winter	Yes
175	05/05/23	5	2023	2023-05	Spring	M	Mature	3	11	13	519	483	523	521	2.8284271247	0.542884285	30/11/21	11	2021	Autumn	Yes
176	05/05/23	5	2023	2023-05	Spring	F	Mature	3.16	11	15	488	421	446	433.5	17.6776695297	4.0778937785	25/02/22	2	2022	Winter	Yes
177	05/05/23	5	2023	2023-05	Spring	F	Immature	1.3	20	10	372	377	384	374.5	3.5355339059	0.9440677986	25/04/22	4	2022	Spring	Yes
178	05/05/23	5	2023	2023-05	Spring	M	Mature	1.14	20	9	433	375	391	383	11.313708499	2.9539708875	17/04/22	4	2022	Spring	Yes
179	05/05/23	5	2023	2023-05	Spring	F	Mature	1.36	20	10	322	341	366	331.5	13.4350288425	4.0527990475	07/06/22	6	2022	Spring	Yes
180	05/05/23	5	2023	2023-05	Spring	M	Mature	0.77	30	8	326	389	373	381	11.313708499	2.9694772963	19/04/22	4	2022	Spring	Yes
181	24/05/23	5	2023	2023-05	Spring	F	Immature	1.52	20	10	333	314	384	323.5	13.4350288425	4.1530228261	04/07/22	7	2022	Summer	Yes
182	24/05/23	5	2023	2023-05	Spring	M	Mature	1.84	20	11	319	377	397	387	14.1421356237	3.6542986108	02/05/22	5	2022	Spring	Yes
183	24/05/23	5	2023	2023-05	Spring	F	Mature	2.1	10	12	385	384	425	384.5	0.7071067812	0.183902934	04/05/22	5	2022	Spring	Yes
184	24/05/23	5	2023	2023-05	Spring	M	Mature	2.04	10	11	378	388	410	383	7.0710678119	1.8462318047	06/05/22	5	2022	Spring	Yes
185	24/05/23	5	2023	2023-05	Spring	M	Mature	2.18	10	11	423	386	405	414	12.7279220614	3.0743773095	05/04/22	4	2022	Spring	Yes
186	24/05/23	5	2023	2023-05	Spring	F	Mature	2.6	10	12	330	354	424	342	16.9705627485	4.9621528504	16/06/22	6	2022	Spring	Yes
187	24/05/23	5	2023	2023-05	Spring	M	Mature	3.06	11	13	329	343	351	347	5.6568542495	1.630217363	11/06/22	6	2022	Spring	Yes
188	24/05/23	5	2023	2023-05	Spring	F	Mature	2.84	10	12	356	345	418	350.5	7.7781745931	2.2191653618	07/06/22	6	2022	Spring	Yes
189	24/05/23	5	2023	2023-05	Spring	M	Mature	3.2	11	15	370	384	423	377	9.8994949366	2.6258607259	12/05/22	5	2022	Spring	Yes
190	24/05/23	5	2023	2023-05	Spring	M	Mature	3.4	11	16	371	429	393	382	15.5563491861	4.0723427189	07/05/22	5	2022	Spring	Yes
191	24/05/23	5	2023	2023-05	Spring	F	Mature	4.34	11	20	428	372	415	421.5	9.1923881554	2.1808750072	28/03/22	3	2022	Winter	Yes
192	24/05/23	5	2023	2023-05	Spring	F	Mature	3.22	11	17	430	327	426	428	2.8284271247	0.6608474591	22/03/22	3	2022	Winter	Yes
193	24/05/23	5	2023	2023-05	Spring	F	Maturation	1.44	20	11	355	394	381	387.5	9.1923881554	2.3722292014	01/05/22	5	2022	Spring	Yes
194	24/05/23	5	2023	2023-05	Spring	M	Mature	1.42	20	10	405	415	400	402.5	3.5355339059	0.878393517	16/04/22	4	2022	Spring	Yes
195	24/05/23	5	2023	2023-05	Spring	M	Mature	1.18	20	8	287	288	313	287.5	0.7071067812	0.2459501848	09/08/22	8	2022	Summer	Yes
196	24/05/23	5	2023	2023-05	Spring	F	Maturation	1.62	20	11	343	350	379	346.5	4.9497474683	1.4284985479	11/06/22	6	2022	Spring	Yes
197	09/06/23	6	2023	2023-06	Spring	M	Maturation	0.7	30	7	308	378	339	323.5	21.9203102168	6.7759846111	20/07/22	7	2022	Summer	Yes
198	09/06/23	6	2023	2023-06	Spring	M	Maturation	0.76	30	8	322	322	318	322	0	0	22/07/22	7	2022	Summer	Yes
199	09/06/23	6	2023	2023-06	Spring	F	Immature	0.74	30	7	298	295	280	296.5	2.1213203436	0.7154537415	16/08/22	8	2022	Summer	Yes
200	09/06/23	6	2023	2023-06	Spring	F	Immature	1.08	20	9	322	349	323	322.5	0.7071067812	0.2192579166	21/07/22	7	2022	Summer	Yes
201	09/06/23	6	2023	2023-06	Spring	M	Mature	2.06	10	11	431	469	407	419	16.9705627485	4.0502536393	16/04/22	4	2022	Spring	Yes
202	09/06/23	6	2023	2023-06	Spring	M	Mature	1.64	20	10	534	503	368	518.5	21.9203102168	4.2276393861	06/01/22	1	2022	Winter	Yes
203	09/06/23	6	2023	2023-06	Spring	F	Mature	1.8	20	11	394	416	332	405	15.5563491861	3.8410738731	30/04/22	4	2022	Spring	Yes
204	09/06/23	6	2023	2023-06	Spring	F	Immature	2.08	10	12	423	358	502	390.5	45.9619407771	11.7700232464	14/05/22	5	2022	Spring	Yes
205	09/06/23	6	2023	2023-06	Spring	F	Mature	2.64	10	14	410	509	488	498.5	14.8492424049	2.9787848355	26/01/22	1	2022	Winter	Yes
206	09/06/23	6	2023	2023-06	Spring	F	Maturation	2.36	10	13	349	470	430	450	28.2842712475	6.2853936105	16/03/22	3	2022	Winter	Yes
207	09/06/23	6	2023	2023-06	Spring	M	Mature	2.72	10	12	471	490	431	480.5	13.4350288425	2.7960517883	13/02/22	2	2022	Winter	Yes
208	09/06/23	6	2023	2023-06	Spring	M	Mature	2.7	10	12	433	456	460	458	2.8284271247	0.6175605076	08/03/22	3	2022	Winter	Yes
209	09/06/23	6	2023	2023-06	Spring	M	Mature	4.1	11	13	474	411	399	405	8.4852813742	2.0951312035	30/04/22	4	2022	Spring	Yes
210	09/06/23	6	2023	2023-06	Spring	M	Mature	2.96	10	12	450	509	482	495.5	19.091883092	3.8530541054	29/01/22	1	2022	Winter	Yes
211	09/06/23	6	2023	2023-06	Spring	F	Mature	3.18	11	16	424	397	382	389.5	10.6066017178	2.7231326618	15/05/22	5	2022	Spring	Yes
212	09/06/23	6	2023	2023-06	Spring	M	Mature	3.22	11	13	532	532	474	532	0	0	24/12/21	12	2021	Autumn	Yes
213	20/06/23	6	2023	2023-06	Spring	F	Immature	0.28		7	248	237	273	242.5	7.7781745931	3.2074946775	20/10/22	10	2022	Autumn	No
214	22/06/23	6	2023	2023-06	Spring	M	Mature	1.32	20	9	372	392	333	382	14.1421356237	3.7021297444	05/06/22	6	2022	Spring	Yes
215	22/06/23	6	2023	2023-06	Spring	M	Mature	1.3	20	10	351	376	310	363.5	17.6776695297	4.8631828142	23/06/22	6	2022	Spring	Yes
216	22/06/23	6	2023	2023-06	Spring	F	Immature	0.9	30	9	424	455	455	455	0	0	24/03/22	3	2022	Winter	Yes
217	22/06/23	6	2023	2023-06	Spring	F	Immature	1.68	20	10	429	409	460	419	14.1421356237	3.375211366	29/04/22	4	2022	Spring	Yes
218	22/06/23	6	2023	2023-06	Spring	M	Mature	2.08	10	11	415	447	422	418.5	4.9497474683	1.1827353568	29/04/22	4	2022	Spring	Yes
219	22/06/23	6	2023	2023-06	Spring	M	Mature	2.04	10	10	457	439	462	459.5	3.5355339059	0.7694306651	19/03/22	3	2022	Winter	Yes
220	22/06/23	6	2023	2023-06	Spring	F	Immature	1.8	20	10	411	394	446	402.5	12.0208152802	2.9865379578	15/05/22	5	2022	Spring	Yes
221	22/06/23	6	2023	2023-06	Spring	F	Maturation	1.98	20	14	410	391	427	418.5	12.0208152802	2.8723572951	29/04/22	4	2022	Spring	Yes
222	22/06/23	6	2023	2023-06	Spring	M	Mature	3.54	11	14	407	417	405	406	1.4142135624	0.3483284636	12/05/22	5	2022	Spring	Yes
223	22/06/23	6	2023	2023-06	Spring	F	Mature	2.52	10	14	403	423	426	424.5	2.1213203436	0.4997221068	23/04/22	4	2022	Spring	Yes
224	22/06/23	6	2023	2023-06	Spring	M	Mature	3.06	11	13	491	473	454	482	12.7279220614	2.6406477306	25/02/22	2	2022	Winter	Yes
225	22/06/23	6	2023	2023-06	Spring	M	Mature	6.44	11	20	525	607	623	615	11.313708499	1.8396273982	15/10/21	10	2021	Autumn	Yes
226	22/06/23	6	2023	2023-06	Spring	M	Maturation	0.74	30	8	270	294	299	296.5	3.5355339059	1.1924229025	29/08/22	8	2022	Summer	Yes
227	22/06/23	6	2023	2023-06	Spring	M	Mature	0.94	30	9	380	383	389	381.5	2.1213203436	0.5560472722	05/06/22	6	2022	Spring	Yes
228	22/06/23	6	2023	2023-06	Spring	F	Immature	0.88	30	8	379	407	309	393	19.7989898732	5.0379109092	25/05/22	5	2022	Spring	Yes
229	22/06/23	6	2023	2023-06	Spring	M	Mature	0.76	30	7	298	255	295	296.5	2.1213203436	0.7154537415	29/08/22	8	2022	Summer	Yes
230	23/06/23	6	2023	2023-06	Spring	F	Mature	0.98		13	420	406	408	407	1.4142135624	0.3474726197	12/05/22	5	2022	Spring	No
231	06/07/23	7	2023	2023-07	Summer	M	Mature	1.1	20	10	370	369	380	369.5	0.7071067812	0.191368547	01/07/22	7	2022	Summer	Yes
232	06/07/23	7	2023	2023-07	Summer	F	Immature	1.24	20	10	390	406	389	389.5	0.7071067812	0.1815421775	11/06/22	6	2022	Spring	Yes
233	06/07/23	7	2023	2023-07	Summer	F	Immature	0.86	30	8	428	379	347	363	22.627416998	6.2334482088	08/07/22	7	2022	Summer	Yes
234	06/07/23	7	2023	2023-07	Summer	M	Maturation	0.92	30	9	296	298	324	297	1.4142135624	0.4761661826	12/09/22	9	2022	Summer	Yes
235	06/07/23	7	2023	2023-07	Summer	M	Mature	1.58	20	11	431	449	342	440	12.7279220614	2.8927095594	22/04/22	4	2022	Spring	Yes
236	06/07/23	7	2023	2023-07	Summer	F	Immature	1.3	20	10	323	336	314	318.5	6.3639610307	1.9981039343	21/08/22	8	2022	Summer	Yes
237	06/07/23	7	2023	2023-07	Summer	F	Immature	1.64	20	11	359	357	339	358	1.4142135624	0.3950317213	13/07/22	7	2022	Summer	Yes
238	06/07/23	7	2023	2023-07	Summer	M	Mature	1.88	20	11	363	358	364	363.5	0.7071067812	0.1945273126	07/07/22	7	2022	Summer	Yes
239	06/07/23	7	2023	2023-07	Summer	F	Mature	2.6	10	15	429	520	408	418.5	14.8492424049	3.5482060705	13/05/22	5	2022	Spring	Yes
240	06/07/23	7	2023	2023-07	Summer	F	Immature	2	10	12	499	481	382	490	12.7279220614	2.5975351146	03/03/22	3	2022	Winter	Yes
241	06/07/23	7	2023	2023-07	Summer	M	Mature	2.36	10	12	428	466	413	420.5	10.6066017178	2.5223785298	11/05/22	5	2022	Spring	Yes
242	06/07/23	7	2023	2023-07	Summer	M	Mature	2.26	10	12	480	459	449	454	7.0710678119	1.5575039233	08/04/22	4	2022	Spring	Yes
243	06/07/23	7	2023	2023-07	Summer	M	Mature	3.3	11	13	489	461	483	486	4.2426406871	0.8729713348	07/03/22	3	2022	Winter	Yes
244	06/07/23	7	2023	2023-07	Summer	F	Maturation	3.16	11	13	518	520	444	519	1.4142135624	0.2724881623	02/02/22	2	2022	Winter	Yes
245	06/07/23	7	2023	2023-07	Summer	F	Maturation	3.5	11	14	443	480	507	493.5	19.091883092	3.8686693196	27/02/22	2	2022	Winter	Yes
246	06/07/23	7	2023	2023-07	Summer	M	Mature	3.08	11	14	432	461	468	464.5	4.9497474683	1.0656076358	28/03/22	3	2022	Winter	Yes
247	19/07/23	7	2023	2023-07	Summer	F	Maturation	0.74	30	9	290	307	310	308.5	2.1213203436	0.6876240984	13/09/22	9	2022	Summer	Yes
248	19/07/23	7	2023	2023-07	Summer	M	Immature	0.9	30	9	282	288	295	285	4.2426406871	1.4886458551	07/10/22	10	2022	Autumn	Yes
249	19/07/23	7	2023	2023-07	Summer	M	Immature	0.96	30	10	278	364	310	294	22.627416998	7.6964003394	28/09/22	9	2022	Summer	Yes
250	19/07/23	7	2023	2023-07	Summer	M	Maturation	0.78	30	9	322	364	391	377.5	19.091883092	5.0574524747	06/07/22	7	2022	Summer	Yes
251	19/07/23	7	2023	2023-07	Summer	M	Mature	1.22	20	10	385	432	382	383.5	2.1213203436	0.5531474168	30/06/22	6	2022	Spring	Yes
252	19/07/23	7	2023	2023-07	Summer	F	Maturation	1.22	20	10	335	326	354	330.5	6.3639610307	1.9255555312	22/08/22	8	2022	Summer	Yes
253	19/07/23	7	2023	2023-07	Summer	F	Immature	1.5	20	11	366	378	400	372	8.4852813742	2.2809896167	12/07/22	7	2022	Summer	Yes
254	19/07/23	7	2023	2023-07	Summer	M	Maturation	1.12	20	10	387	409	457	398	15.5563491861	3.9086304488	16/06/22	6	2022	Spring	Yes
255	19/07/23	7	2023	2023-07	Summer	F	Maturation	2.4	10	15	340	407	416	411.5	6.3639610307	1.5465275895	02/06/22	6	2022	Spring	Yes
256	19/07/23	7	2023	2023-07	Summer	F	Maturation	2.18	10	12	310	391	364	377.5	19.091883092	5.0574524747	06/07/22	7	2022	Summer	Yes
257	19/07/23	7	2023	2023-07	Summer	M	Mature	2.08	10	13	395	385	443	390	7.0710678119	1.8130943107	24/06/22	6	2022	Spring	Yes
258	19/07/23	7	2023	2023-07	Summer	M	Mature	2.44	10	12	392	397	381	394.5	3.5355339059	0.8962063133	19/06/22	6	2022	Spring	Yes
259	19/07/23	7	2023	2023-07	Summer	M	Mature	3.04	11	14	377	434	394	385.5	12.0208152802	3.1182400208	28/06/22	6	2022	Spring	Yes
260	19/07/23	7	2023	2023-07	Summer	F	Maturation	3.1	11	15	350	331	336	333.5	3.5355339059	1.0601301067	19/08/22	8	2022	Summer	Yes
261	19/07/23	7	2023	2023-07	Summer	M	Mature	3.62	11	15	444	440	406	442	2.8284271247	0.6399156391	03/05/22	5	2022	Spring	Yes
262	19/07/23	7	2023	2023-07	Summer	F	Maturation	2.92	10	14	418	416	387	417	1.4142135624	0.339139943	28/05/22	5	2022	Spring	Yes
263	01/08/23	8	2023	2023-08	Summer	M	Maturation	0.94	30	9	289	302	325	295.5	9.1923881554	3.110791254	09/10/22	10	2022	Autumn	Yes
264	01/08/23	8	2023	2023-08	Summer	F	Immature	0.68	30	7	290	314	288	289	1.4142135624	0.4893472534	16/10/22	10	2022	Autumn	Yes
265	01/08/23	8	2023	2023-08	Summer	F	Immature	0.82	30	8	276	275	292	275.5	0.7071067812	0.2566630785	29/10/22	10	2022	Autumn	Yes
266	01/08/23	8	2023	2023-08	Summer	M	Maturation	1	20	9	288	317	302	295	9.8994949366	3.3557609955	10/10/22	10	2022	Autumn	Yes
267	01/08/23	8	2023	2023-08	Summer	M	Maturation	1.5	20	10	302	332	311	306.5	6.3639610307	2.0763331258	28/09/22	9	2022	Summer	Yes
268	01/08/23	8	2023	2023-08	Summer	M	Mature	1.62	20	10	389	353	379	384	7.0710678119	1.8414239093	13/07/22	7	2022	Summer	Yes
269	01/08/23	8	2023	2023-08	Summer	F	Immature	1.8	20	12	387	364	425	375.5	16.2634559673	4.331146729	21/07/22	7	2022	Summer	Yes
270	01/08/23	8	2023	2023-08	Summer	F	Immature	1.84	20	11	379	388	420	383.5	6.3639610307	1.6594422505	13/07/22	7	2022	Summer	Yes
271	01/08/23	8	2023	2023-08	Summer	F	Maturation	2.5	10	12	350	374	330	340	14.1421356237	4.159451654	26/08/22	8	2022	Summer	Yes
272	01/08/23	8	2023	2023-08	Summer	M	Mature	2.6	10	13	436	431	373	433.5	3.5355339059	0.8155787557	24/05/22	5	2022	Spring	Yes
273	01/08/23	8	2023	2023-08	Summer	F	Immature	2.5	10	12	476	452	451	451.5	0.7071067812	0.1566127976	06/05/22	5	2022	Spring	Yes
274	01/08/23	8	2023	2023-08	Summer	M	Mature	2.34	10	12	358	383	412	370.5	17.6776695297	4.7713008177	26/07/22	7	2022	Summer	Yes
275	01/08/23	8	2023	2023-08	Summer	M	Mature	2.84	10	11	415	380	422	418.5	4.9497474683	1.1827353568	08/06/22	6	2022	Spring	Yes
276	01/08/23	8	2023	2023-08	Summer	M	Mature	2.72	10	11	391	391	363	391	0	0	06/07/22	7	2022	Summer	Yes
277	01/08/23	8	2023	2023-08	Summer	M	Mature	3.06	11	12	378	410	443	426.5	23.3345237792	5.471166185	31/05/22	5	2022	Spring	Yes
278	01/08/23	8	2023	2023-08	Summer	F	Maturation	3.06	11	12	488	414	412	413	1.4142135624	0.3424245914	14/06/22	6	2022	Spring	Yes
279	22/08/23	8	2023	2023-08	Summer	M	Maturation	0.8	30	9	319	311	300	315	5.6568542495	1.7958267459	11/10/22	10	2022	Autumn	Yes
280	22/08/23	8	2023	2023-08	Summer	F	Immature	0.84	30	8	295	269	336	282	18.3847763109	6.5194242237	13/11/22	11	2022	Autumn	Yes
281	22/08/23	8	2023	2023-08	Summer	F	Immature	0.68	30	8	277	311	336	323.5	17.6776695297	5.4645037186	02/10/22	10	2022	Autumn	Yes
282	22/08/23	8	2023	2023-08	Summer	M	Maturation	0.66	30	7	257	284	349	270.5	19.091883092	7.0579974462	24/11/22	11	2022	Autumn	Yes
283	22/08/23	8	2023	2023-08	Summer	F	Immature	0.5	30	6	204	235	248	241.5	9.1923881554	3.806371907	23/12/22	12	2022	Autumn	Yes
284	22/08/23	8	2023	2023-08	Summer	M	Immature	0.46	30	6	230	230	283	230	0	0	04/01/23	1	2023	Winter	Yes
285	22/08/23	8	2023	2023-08	Summer	M	Mature	1.62	20	9	349	341	376	345	5.6568542495	1.6396678984	11/09/22	9	2022	Summer	Yes
286	22/08/23	8	2023	2023-08	Summer	F	Immature	1.7	20	10	342	333	405	337.5	6.3639610307	1.8856180832	18/09/22	9	2022	Summer	Yes
287	22/08/23	8	2023	2023-08	Summer	M	Maturation	1.2	20	8	363	399	375	369	8.4852813742	2.2995342478	18/08/22	8	2022	Summer	Yes
288	22/08/23	8	2023	2023-08	Summer	F	Immature	1.34	20	10	304	337	357	347	14.1421356237	4.0755434074	09/09/22	9	2022	Summer	Yes
289	22/08/23	8	2023	2023-08	Summer	F	Immature	2.62	10	12	339	403	409	406	4.2426406871	1.0449853909	12/07/22	7	2022	Summer	Yes
290	22/08/23	8	2023	2023-08	Summer	M	Mature	2.02	10	11	364	377	394	370.5	9.1923881554	2.4810764252	16/08/22	8	2022	Summer	Yes
291	22/08/23	8	2023	2023-08	Summer	F	Immature	2.06	10	11	345	390	342	343.5	2.1213203436	0.6175605076	12/09/22	9	2022	Summer	Yes
292	22/08/23	8	2023	2023-08	Summer	M	Mature	2.26	10	12	339	409	399	404	7.0710678119	1.7502643099	14/07/22	7	2022	Summer	Yes
293	22/08/23	8	2023	2023-08	Summer	F	Maturation	3.02	11	14	461	391	392	391.5	0.7071067812	0.1806147589	26/07/22	7	2022	Summer	Yes
294	22/08/23	8	2023	2023-08	Summer	M	Mature	3.2	11	13	461	514	491	502.5	16.2634559673	3.2365086502	06/04/22	4	2022	Spring	Yes
295	08/09/23	9	2023	2023-09	Summer	F	Immature	0.66	30	7	308	299	302	300.5	2.1213203436	0.7059302308	11/11/22	11	2022	Autumn	Yes
296	08/09/23	9	2023	2023-09	Summer	M	Mature	0.7	30	8	275	298	286	280.5	7.7781745931	2.7729677694	01/12/22	12	2022	Autumn	Yes
297	08/09/23	9	2023	2023-09	Summer	M	Maturation	0.8	30	8	318	265	290	277.5	17.6776695297	6.370331362	04/12/22	12	2022	Autumn	Yes
298	08/09/23	9	2023	2023-09	Summer	F	Immature	0.7	30	7	268	274	318	271	4.2426406871	1.565550069	11/12/22	12	2022	Autumn	Yes
299	08/09/23	9	2023	2023-09	Summer	M	Mature	1.16	20	8	270	276	268	269	1.4142135624	0.5257299488	13/12/22	12	2022	Autumn	Yes
300	08/09/23	9	2023	2023-09	Summer	F	Immature	1.52	20	10	418	472	461	466.5	7.7781745931	1.6673471796	29/05/22	5	2022	Spring	Yes
301	08/09/23	9	2023	2023-09	Summer	M	Mature	1	20	8	350	426	369	359.5	13.4350288425	3.7371429326	13/09/22	9	2022	Summer	Yes
302	08/09/23	9	2023	2023-09	Summer	F	Immature	1.1	20	11	297	300	258	298.5	2.1213203436	0.7106600816	13/11/22	11	2022	Autumn	Yes
303	08/09/23	9	2023	2023-09	Summer	F	Maturation	2.34	10	12	412	448	375	430	25.4558441227	5.9199637495	05/07/22	7	2022	Summer	Yes
304	08/09/23	9	2023	2023-09	Summer	M	Mature	2.48	10	13	385	389	413	387	2.8284271247	0.7308597222	17/08/22	8	2022	Summer	Yes
305	08/09/23	9	2023	2023-09	Summer	F	Immature	2	10	11	325	386	406	396	14.1421356237	3.5712463696	08/08/22	8	2022	Summer	Yes
306	08/09/23	9	2023	2023-09	Summer	M	Mature	2.78	10	12	433	360	403	418	21.2132034356	5.0749290516	17/07/22	7	2022	Summer	Yes
307	08/09/23	9	2023	2023-09	Summer	M	Mature	2.94	10	13	432	441	418	436.5	6.3639610307	1.4579521262	28/06/22	6	2022	Spring	Yes
308	08/09/23	9	2023	2023-09	Summer	M	Mature	3.96	11	14	507	566	568	567	1.4142135624	0.2494203814	18/02/22	2	2022	Winter	Yes
309	18/09/23	9	2023	2023-09	Summer	M	Maturation	0.8	30	9	321	291	273	282	12.7279220614	4.5134475395	10/12/22	12	2022	Autumn	Yes
310	18/09/23	9	2023	2023-09	Summer	M	Mature	1.06	20	9	334	302	361	347.5	19.091883092	5.4940670768	05/10/22	10	2022	Autumn	Yes
311	18/09/23	9	2023	2023-09	Summer	F	Immature	0.64	30	8	267	300	298	299	1.4142135624	0.4729811245	23/11/22	11	2022	Autumn	Yes
312	18/09/23	9	2023	2023-09	Summer	F	Immature	0.92	30	8	279	346	346	346	0	0	07/10/22	10	2022	Autumn	Yes
313	18/09/23	9	2023	2023-09	Summer	F	Immature	1.36	20	9	335	385	348	341.5	9.1923881554	2.6917681275	11/10/22	10	2022	Autumn	Yes
314	18/09/23	9	2023	2023-09	Summer	M	Mature	1.44	20	11	424	406	321	415	12.7279220614	3.0669691714	30/07/22	7	2022	Summer	Yes
315	18/09/23	9	2023	2023-09	Summer	F	Immature	1.7	20	12	341	436	387	411.5	34.6482322781	8.4199835427	02/08/22	8	2022	Summer	Yes
316	18/09/23	9	2023	2023-09	Summer	M	Mature	1.8	20	11	428	395	381	388	9.8994949366	2.5514162208	26/08/22	8	2022	Summer	Yes
317	18/09/23	9	2023	2023-09	Summer	F	Immature	2.12	10	14	385	366	357	361.5	6.3639610307	1.7604318204	21/09/22	9	2022	Summer	Yes
318	18/09/23	9	2023	2023-09	Summer	M	Mature	2.92	10	14	291	401	369	385	22.627416998	5.8772511683	29/08/22	8	2022	Summer	Yes
319	18/09/23	9	2023	2023-09	Summer	M	Mature	2.04	10	12	494	433	422	427.5	7.7781745931	1.8194560452	17/07/22	7	2022	Summer	Yes
320	18/09/23	9	2023	2023-09	Summer	F	Maturation	2.78	10	12	511	519	485	515	5.6568542495	1.0984183009	21/04/22	4	2022	Spring	Yes
321	18/09/23	9	2023	2023-09	Summer	M	Mature	3.78	11	15	406	459	446	452.5	9.1923881554	2.0314669957	22/06/22	6	2022	Spring	Yes
322	18/09/23	9	2023	2023-09	Summer	F	Maturation	3.4	11	16	395	416	273	405.5	14.8492424049	3.6619586695	08/08/22	8	2022	Summer	Yes
323	18/09/23	9	2023	2023-09	Summer	M	Mature	3.08	11	14	402	375	334	388.5	19.091883092	4.9142556221	25/08/22	8	2022	Summer	Yes
324	18/09/23	9	2023	2023-09	Summer	F	Maturation	3.86	11	14	471	433	414	423.5	13.4350288425	3.172379892	21/07/22	7	2022	Summer	Yes
325	18/09/23	9	2023	2023-09	Summer	M	Mature	4.36	11	13	561	468	492	480	16.9705627485	3.5355339059	26/05/22	5	2022	Spring	Yes
326	18/09/23	9	2023	2023-09	Summer	F	Maturation	3.58	11	16	401	385	400	400.5	0.7071067812	0.1765560003	13/08/22	8	2022	Summer	Yes
327	03/10/23	10	2023	2023-10	Autumn	F	Immature	0.7	30	9	278	257	272	275	4.2426406871	1.5427784317	01/01/23	1	2023	Winter	Yes
328	03/10/23	10	2023	2023-10	Autumn	M	Maturation	0.78	30	9	321	336	314	317.5	4.9497474683	1.5589755806	19/11/22	11	2022	Autumn	Yes
329	03/10/23	10	2023	2023-10	Autumn	M	Immature	0.6	30	8	307	314	308	307.5	0.7071067812	0.2299534248	29/11/22	11	2022	Autumn	Yes
330	03/10/23	10	2023	2023-10	Autumn	F	Immature	0.92	30	9	447	404	400	402	2.8284271247	0.703588837	27/08/22	8	2022	Summer	Yes
331	03/10/23	10	2023	2023-10	Autumn	M	Mature	1.7	20	11	385	374	332	379.5	7.7781745931	2.049584873	18/09/22	9	2022	Summer	Yes
332	03/10/23	10	2023	2023-10	Autumn	F	Maturation	1.9	20	10	478	422	374	398	33.941125497	8.5279209791	31/08/22	8	2022	Summer	Yes
333	03/10/23	10	2023	2023-10	Autumn	M	Mature	1.92	20	11	403	359	368	363.5	6.3639610307	1.7507458131	04/10/22	10	2022	Autumn	Yes
334	03/10/23	10	2023	2023-10	Autumn	F	Immature	1.36	20	11	321	330	322	321.5	0.7071067812	0.2199399008	15/11/22	11	2022	Autumn	Yes
335	03/10/23	10	2023	2023-10	Autumn	F	Immature	2.2	10	12	396	353	347	350	4.2426406871	1.2121830535	18/10/22	10	2022	Autumn	Yes
336	03/10/23	10	2023	2023-10	Autumn	F	Immature	2.46	10	13	409	371	394	401.5	10.6066017178	2.6417438899	27/08/22	8	2022	Summer	Yes
337	03/10/23	10	2023	2023-10	Autumn	M	Mature	1.96	20	11	383	387	361	385	2.8284271247	0.734656396	13/09/22	9	2022	Summer	Yes
338	03/10/23	10	2023	2023-10	Autumn	M	Mature	2.38	10	12	393	430	346	411.5	26.1629509039	6.3579467567	17/08/22	8	2022	Summer	Yes
339	03/10/23	10	2023	2023-10	Autumn	F	Maturation	3.96	11	16	480	409	370	389.5	27.5771644663	7.0801449207	08/09/22	9	2022	Summer	Yes
340	03/10/23	10	2023	2023-10	Autumn	M	Mature	3.3	11	15	437	381	413	425	16.9705627485	3.9930735879	04/08/22	8	2022	Summer	Yes
341	03/10/23	10	2023	2023-10	Autumn	M	Mature	4.54	11	18	488	492	378	490	2.8284271247	0.5772300255	31/05/22	5	2022	Spring	Yes
342	03/10/23	10	2023	2023-10	Autumn	F	Maturation	4.24	11	15	413	424	376	418.5	7.7781745931	1.8585841322	10/08/22	8	2022	Summer	Yes
343	24/10/23	10	2023	2023-10	Autumn	M	Mature	2.16	10	13	314	373	350	361.5	16.2634559673	4.4988813188	27/10/22	10	2022	Autumn	Yes
344	24/10/23	10	2023	2023-10	Autumn	F	Immature	2.14	10	12	405	351	371	361	14.1421356237	3.9174890924	28/10/22	10	2022	Autumn	Yes
345	24/10/23	10	2023	2023-10	Autumn	M	Mature	2.34	10	13	359	422	374	366.5	10.6066017178	2.8940250253	22/10/22	10	2022	Autumn	Yes
346	24/10/23	10	2023	2023-10	Autumn	F	Immature	2.3	10	13	387	376	422	381.5	7.7781745931	2.0388399982	07/10/22	10	2022	Autumn	Yes
347	24/10/23	10	2023	2023-10	Autumn	F	Immature	1.02	20	10	331	336	352	333.5	3.5355339059	1.0601301067	24/11/22	11	2022	Autumn	Yes
348	24/10/23	10	2023	2023-10	Autumn	F	Immature	1.52	20	12	401	387	401	401	0	0	18/09/22	9	2022	Summer	Yes
349	24/10/23	10	2023	2023-10	Autumn	M	Mature	1.62	20	12	363	356	356	356	0	0	02/11/22	11	2022	Autumn	Yes
350	24/10/23	10	2023	2023-10	Autumn	M	Mature	1.94	20	14	433	413	531	423	14.1421356237	3.3432944737	27/08/22	8	2022	Summer	Yes
351	24/10/23	10	2023	2023-10	Autumn	M	Mature	4.16	11	16	496	520	466	508	16.9705627485	3.3406619584	03/06/22	6	2022	Spring	Yes
352	24/10/23	10	2023	2023-10	Autumn	M	Mature	4.98	11	17	632	639	619	635.5	4.9497474683	0.7788745033	26/01/22	1	2022	Winter	Yes
353	24/10/23	10	2023	2023-10	Autumn	F	Maturation	3.74	11	14	424	441	401	432.5	12.0208152802	2.7793792555	17/08/22	8	2022	Summer	Yes
354	24/10/23	10	2023	2023-10	Autumn	F	Maturation	3.54	11	14	411	396	413	412	1.4142135624	0.343255719	07/09/22	9	2022	Summer	Yes
355	24/10/23	10	2023	2023-10	Autumn	F	Immature	0.96	30	9	313	376	384	380	5.6568542495	1.4886458551	09/10/22	10	2022	Autumn	Yes
356	24/10/23	10	2023	2023-10	Autumn	M	Mature	0.86	30	9	351	371	362	366.5	6.3639610307	1.7364150152	22/10/22	10	2022	Autumn	Yes
357	24/10/23	10	2023	2023-10	Autumn	F	Immature	0.66	30	8	350	341	345	343	2.8284271247	0.8246143221	15/11/22	11	2022	Autumn	Yes
358	24/10/23	10	2023	2023-10	Autumn	M	Mature	0.96	30	9	253	259	243	256	4.2426406871	1.6572815184	10/02/23	2	2023	Winter	Yes
359	07/11/23	11	2023	2023-11	Autumn	F	Immature	0.66	30	8	292	309	292	292	0	0	19/01/23	1	2023	Winter	Yes
360	07/11/23	11	2023	2023-11	Autumn	F	Immature	0.52	30	7	275	249	238	243.5	7.7781745931	3.1943222148	08/03/23	3	2023	Winter	Yes
361	07/11/23	11	2023	2023-11	Autumn	M	Maturation	0.94	30	9	357	313	330	321.5	12.0208152802	3.7389783142	20/12/22	12	2022	Autumn	Yes
362	07/11/23	11	2023	2023-11	Autumn	M	Maturation	0.6	30	7	337	316	302	309	9.8994949366	3.2037200442	02/01/23	1	2023	Winter	Yes
363	07/11/23	11	2023	2023-11	Autumn	F	Immature	0.36	30	6	229	212	206	209	4.2426406871	2.0299716206	12/04/23	4	2023	Spring	Yes
364	07/11/23	11	2023	2023-11	Autumn	F	Immature	1.42	20	10	368	361	393	364.5	4.9497474683	1.3579554097	07/11/22	11	2022	Autumn	Yes
365	07/11/23	11	2023	2023-11	Autumn	M	Mature	1.82	20	11	420	383	422	421	1.4142135624	0.3359177108	12/09/22	9	2022	Summer	Yes
366	07/11/23	11	2023	2023-11	Autumn	F	Immature	1.5	20	10	340	348	364	344	5.6568542495	1.6444343749	28/11/22	11	2022	Autumn	Yes
367	07/11/23	11	2023	2023-11	Autumn	M	Mature	1.04	20	9	317	305	311	314	4.2426406871	1.3511594545	28/12/22	12	2022	Autumn	Yes
368	07/11/23	11	2023	2023-11	Autumn	F	Maturation	2.36	10	12	430	417	422	419.5	3.5355339059	0.842797117	13/09/22	9	2022	Summer	Yes
369	07/11/23	11	2023	2023-11	Autumn	F	Maturation	2.88	10	14	402	395	421	398.5	4.9497474683	1.2420947223	04/10/22	10	2022	Autumn	Yes
370	07/11/23	11	2023	2023-11	Autumn	M	Mature	2.08	10	13	441	374	337	355.5	26.1629509039	7.3594798605	16/11/22	11	2022	Autumn	Yes
371	07/11/23	11	2023	2023-11	Autumn	M	Mature	2.14	10	13	343	369	341	342	1.4142135624	0.4135127375	30/11/22	11	2022	Autumn	Yes
372	07/11/23	11	2023	2023-11	Autumn	F	Maturation	3.4	11	15	484	425	482	483	1.4142135624	0.292797839	12/07/22	7	2022	Summer	Yes
373	07/11/23	11	2023	2023-11	Autumn	M	Mature	3.4	11	13	454	478	444	449	7.0710678119	1.574848065	15/08/22	8	2022	Summer	Yes
374	07/11/23	11	2023	2023-11	Autumn	M	Mature	3.98	11	17	514	508	479	511	4.2426406871	0.8302623654	14/06/22	6	2022	Spring	Yes
375	07/11/23	11	2023	2023-11	Autumn	F	Maturation	3.32	11	14	390	355	382	386	5.6568542495	1.4655062823	17/10/22	10	2022	Autumn	Yes
376	23/11/23	11	2023	2023-11	Autumn	M	Mature	1.84	20	11	393	427	362	377.5	21.9203102168	5.8067046932	10/11/22	11	2022	Autumn	Yes
377	23/11/23	11	2023	2023-11	Autumn	F	Immature	1.46	20	11	385	353	415	400	21.2132034356	5.3033008589	19/10/22	10	2022	Autumn	Yes
378	23/11/23	11	2023	2023-11	Autumn	M	Mature	1.3	20	10	305	305	373	305	0	0	22/01/23	1	2023	Winter	Yes
379	23/11/23	11	2023	2023-11	Autumn	F	Immature	1.4	20	11	398	404	425	401	4.2426406871	1.0580151339	18/10/22	10	2022	Autumn	Yes
380	23/11/23	11	2023	2023-11	Autumn	F	Maturation	2.34	10	12	367	423	398	410.5	17.6776695297	4.3063750377	08/10/22	10	2022	Summer	Yes
381	23/11/23	11	2023	2023-11	Autumn	M	Mature	2.32	10	13	457	496	429	443	19.7989898732	4.4692979398	06/09/22	9	2022	Summer	Yes
382	23/11/23	11	2023	2023-11	Autumn	F	Mature	2.52	10	14	452	428	365	440	16.9705627485	3.8569460792	09/09/22	9	2022	Summer	Yes
383	23/11/23	11	2023	2023-11	Autumn	M	Mature	2.44	10	12	509	472	480	476	5.6568542495	1.1884147583	04/08/22	8	2022	Summer	Yes
384	23/11/23	11	2023	2023-11	Autumn	F	Maturation	3.74	11	15	433	439	383	436	4.2426406871	0.9730827264	13/09/22	9	2022	Summer	Yes
385	23/11/23	11	2023	2023-11	Autumn	M	Mature	3.38	11	14	444	528	444	444	0	0	05/09/22	9	2022	Summer	Yes
386	23/11/23	11	2023	2023-11	Autumn	F	Maturation	3.98	11	15	464	489	450	457	9.8994949366	2.1661914522	23/08/22	8	2022	Summer	Yes
387	23/11/23	11	2023	2023-11	Autumn	M	Mature	5.1	11	15	550	551	556	550.5	0.7071067812	0.1284480983	21/05/22	5	2022	Spring	Yes
388	23/11/23	11	2023	2023-11	Autumn	M	Maturation	0.6	30	9	288	291	269	289.5	2.1213203436	0.7327531411	06/02/23	2	2023	Winter	Yes
389	23/11/23	11	2023	2023-11	Autumn	F	Immature	0.8	30	9	275	305	309	307	2.8284271247	0.921311767	20/01/23	1	2023	Winter	Yes
390	23/11/23	11	2023	2023-11	Autumn	F	Immature	0.68	30	9	364	339	319	329	14.1421356237	4.2985214662	29/12/22	12	2022	Autumn	Yes
391	23/11/23	11	2023	2023-11	Autumn	M	Mature	0.56	30	8	301	344	317	309	11.313708499	3.6613943362	18/01/23	1	2023	Winter	Yes
392	06/12/23	12	2023	2023-12	Autumn	M	Maturation	0.54	30	7	283	268	279	281	2.8284271247	1.0065576956	28/02/23	2	2023	Winter	Yes
393	06/12/23	12	2023	2023-12	Autumn	F	Immature	0.64	30	8	395	418	388	391.5	4.9497474683	1.2643033125	09/11/22	11	2022	Autumn	Yes
394	06/12/23	12	2023	2023-12	Autumn	F	Immature	0.64	30	8	250	276	255	252.5	3.5355339059	1.4002114479	28/03/23	3	2023	Winter	Yes
395	06/12/23	12	2023	2023-12	Autumn	M	Mature	0.68	30	7	369	392	458	380.5	16.2634559673	4.2742328429	20/11/22	11	2022	Autumn	Yes
396	06/12/23	12	2023	2023-12	Autumn	F	Maturation	1.88	20	11	400	373	354	363.5	13.4350288425	3.6960189388	07/12/22	12	2022	Autumn	Yes
397	06/12/23	12	2023	2023-12	Autumn	M	Mature	1.72	20	11	402	373	348	360.5	17.6776695297	4.9036531289	10/12/22	12	2022	Autumn	Yes
398	06/12/23	12	2023	2023-12	Autumn	F	Maturation	1.46	20	11	247	300	286	293	9.8994949366	3.3786672139	16/02/23	2	2023	Winter	Yes
399	06/12/23	12	2023	2023-12	Autumn	M	Mature	1.76	20	10	462	398	408	403	7.0710678119	1.7546073975	29/10/22	10	2022	Autumn	Yes
400	06/12/23	12	2023	2023-12	Autumn	F	Maturation	2.64	10	13	432	439	459	435.5	4.9497474683	1.1365665828	26/09/22	9	2022	Summer	Yes
401	06/12/23	12	2023	2023-12	Autumn	M	Mature	2.52	10	14	366	366	397	366	0	0	05/12/22	12	2022	Autumn	Yes
402	06/12/23	12	2023	2023-12	Autumn	F	Maturation	2.18	10	12	408	399	397	398	1.4142135624	0.3553300408	03/11/22	11	2022	Autumn	Yes
403	06/12/23	12	2023	2023-12	Autumn	M	Mature	2.18	10	12	435	399	415	407	11.313708499	2.779780958	25/10/22	10	2022	Autumn	Yes
404	06/12/23	12	2023	2023-12	Autumn	F	Mature	7.22	11	18	578	585	588	586.5	2.1213203436	0.3616914482	28/04/22	4	2022	Spring	Yes
405	06/12/23	12	2023	2023-12	Autumn	F	Mature	5.34	11	17	544	552	550	551	1.4142135624	0.2566630785	03/06/22	6	2022	Spring	Yes
406	06/12/23	12	2023	2023-12	Autumn	M	Mature	3.28	11	15	365	331	367	366	1.4142135624	0.3863971482	05/12/22	12	2022	Autumn	Yes
407	06/12/23	12	2023	2023-12	Autumn	M	Mature	3.2	11	14	399	425	446	435.5	14.8492424049	3.4096997485	26/09/22	9	2022	Summer	Yes
408	11/01/24	1	2024	2024-01	Winter	F	Maturation	2.3	10	12	464	449	466	465	1.4142135624	0.3041319489	03/10/22	10	2022	Autumn	Yes
409	11/01/24	1	2024	2024-01	Winter	F	Maturation	2.8	10	14	370	393	442	381.5	16.2634559673	4.2630290871	25/12/22	12	2022	Autumn	Yes
410	11/01/24	1	2024	2024-01	Winter	F	Mature	2.98	10	14	414	381	444	429	21.2132034356	4.9448026656	08/11/22	11	2022	Autumn	Yes
411	11/01/24	1	2024	2024-01	Winter	M	Mature	2.24	10	12	377	378	415	377.5	0.7071067812	0.1873130546	29/12/22	12	2022	Autumn	Yes
412	11/01/24	1	2024	2024-01	Winter	M	Mature	2.46	10	13	363	418	417	417.5	0.7071067812	0.1693668937	19/11/22	11	2022	Autumn	Yes
413	11/01/24	1	2024	2024-01	Winter	M	Mature	2.18	10	13	361	372	398	366.5	7.7781745931	2.1222850186	09/01/23	1	2023	Winter	Yes
414	11/01/24	1	2024	2024-01	Winter	F	Immature	1.56	20	11	395	368	353	360.5	10.6066017178	2.9421918773	15/01/23	1	2023	Winter	Yes
415	11/01/24	1	2024	2024-01	Winter	F	Maturation	1.14	20	10	434	437	404	435.5	2.1213203436	0.4870999641	01/11/22	11	2022	Autumn	Yes
416	11/01/24	1	2024	2024-01	Winter	M	Mature	3.5	11	15	482	358	442	462	28.2842712475	6.1221366336	06/10/22	10	2022	Autumn	Yes
417	11/01/24	1	2024	2024-01	Winter	M	Mature	1.12	20	10	381	419	402	410.5	12.0208152802	2.9283350256	26/11/22	11	2022	Autumn	Yes
418	11/01/24	1	2024	2024-01	Winter	M	Mature	1.68	20	12	403	427	409	406	4.2426406871	1.0449853909	01/12/22	12	2022	Autumn	Yes
419	11/01/24	1	2024	2024-01	Winter	F	Immature	0.78	30	9	364	371	365	364.5	4.2426406871	1.1639617797	11/01/23	1	2023	Winter	Yes
420	11/01/24	1	2024	2024-01	Winter	F	Immature	0.7	30	8	335	349	379	342	9.8994949366	2.8945891628	03/02/23	2	2023	Winter	Yes
421	11/01/24	1	2024	2024-01	Winter	F	Immature	0.6	30	8	351	376	382	379	4.2426406871	1.1194302605	28/12/22	12	2022	Autumn	Yes
422	11/01/24	1	2024	2024-01	Winter	M	Mature	0.66	30	8	354	333	351	352.5	2.1213203436	0.6017930053	23/01/23	1	2023	Winter	Yes
423	11/01/24	1	2024	2024-01	Winter	M	Immature	0.74	30	8	393	372	337	382.5	14.8492424049	3.8821548771	24/12/22	12	2022	Autumn	Yes
424	11/01/24	1	2024	2024-01	Winter	F	Mature	4.96	11	18	440	459	488	449.5	13.4350288425	2.9888829461	18/10/22	10	2022	Autumn	Yes
425	11/01/24	1	2024	2024-01	Winter	F	Mature	3.86	11	15	472	454	405	463	12.7279220614	2.7490112444	05/10/22	10	2022	Autumn	Yes
426	11/01/24	1	2024	2024-01	Winter	M	Mature	3.82	11	16	480	428	452	440	16.9705627485	3.8569460792	28/10/22	10	2022	Autumn	Yes
427	26/01/24	1	2024	2024-01	Winter	M	Mature	1.2	20	10	440	422	430	426	5.6568542495	1.3279000586	26/11/22	11	2022	Autumn	Yes
428	26/01/24	1	2024	2024-01	Winter	F	Immature	1.12	20	9	406	396	348	401	7.0710678119	1.7633585566	21/12/22	12	2022	Autumn	Yes
429	26/01/24	1	2024	2024-01	Winter	F	Immature	1.48	20	11	389	383	369	386	4.2426406871	1.0991297117	05/01/23	1	2023	Winter	Yes
430	26/01/24	1	2024	2024-01	Winter	M	Mature	1.74	20	11	480	367	391	379	16.9705627485	4.4777210418	12/01/23	1	2023	Winter	Yes
431	26/01/24	1	2024	2024-01	Winter	M	Mature	2.8	10	12	342	386	378	382	5.6568542495	1.4808518978	09/01/23	1	2023	Winter	Yes
432	26/01/24	1	2024	2024-01	Winter	M	Mature	2.72	10	13	390	431	465	448	24.0416305603	5.3664353929	04/11/22	11	2022	Autumn	Yes
433	26/01/24	1	2024	2024-01	Winter	M	Mature	3.7	11	13	482	462	436	472	14.1421356237	2.9962151745	11/10/22	10	2022	Autumn	Yes
434	26/01/24	1	2024	2024-01	Winter	F	Maturation	2.94	10	13	437	436	433	436.5	0.7071067812	0.1619946807	15/11/22	11	2022	Autumn	Yes
435	26/01/24	1	2024	2024-01	Winter	F	Immature	2.32	10	13	415	394	448	404.5	14.8492424049	3.6710117194	17/12/22	12	2022	Autumn	Yes
436	26/01/24	1	2024	2024-01	Winter	M	Mature	3.08	11	14	502	490	525	496	8.4852813742	1.7107422125	17/09/22	9	2022	Summer	Yes
437	13/02/24	2	2024	2024-02	Winter	M	Maturation	0.4		8	281	264	289	285	5.6568542495	1.9848611402	04/05/23	5	2023	Spring	No
438	13/02/24	2	2024	2024-02	Winter	F	Immature	0.44		7	283	258	255	256.5	2.1213203436	0.8270254751	01/06/23	6	2023	Spring	No
439	13/02/24	2	2024	2024-02	Winter	M	Maturation	0.6		8	303	295	280	299	5.6568542495	1.8919244982	20/04/23	4	2023	Spring	No
440	13/02/24	2	2024	2024-02	Winter	F	Immature	0.24		6	258	282	273	277.5	6.3639610307	2.2933192903	11/05/23	5	2023	Spring	No
441	13/02/24	2	2024	2024-02	Winter	F	Immature	0.64		8	301	289	317	295	8.4852813742	2.8763665675	24/04/23	4	2023	Spring	No
442	13/02/24	2	2024	2024-02	Winter	M	Immature	0.2		6	232	235	209	233.5	2.1213203436	0.9084883698	24/06/23	6	2023	Spring	No
443	13/02/24	2	2024	2024-02	Winter	F	Immature	0.56		7	270	288	302	295	9.8994949366	3.3557609955	24/04/23	4	2023	Spring	No
444	13/02/24	2	2024	2024-02	Winter	M	Mature	0.62		8	262	258	259	258.5	0.7071067812	0.2735422751	30/05/23	5	2023	Spring	No
445	13/02/24	2	2024	2024-02	Winter	M	Immature	0.38		7	253	274	245	249	5.6568542495	2.2718290159	09/06/23	6	2023	Spring	No
446	13/02/24	2	2024	2024-02	Winter	M	Maturation	0.5		9	255	295	308	301.5	9.1923881554	3.0488849603	17/04/23	4	2023	Spring	No
447	13/02/24	2	2024	2024-02	Winter	F	Immature	0.6		9	338	274	321	329.5	12.0208152802	3.6481988711	20/03/23	3	2023	Winter	No
448	13/02/24	2	2024	2024-02	Winter	F	Immature	0.36		7	253	244	313	248.5	6.3639610307	2.5609501129	09/06/23	6	2023	Spring	No
449	13/02/24	2	2024	2024-02	Winter	F	Immature	0.68		8	270	283	300	276.5	9.1923881554	3.3245526783	12/05/23	5	2023	Spring	No
450	13/02/24	2	2024	2024-02	Winter	F	Immature	0.62		10	282	290	288	289	1.4142135624	0.4893472534	30/04/23	4	2023	Spring	No
451	13/02/24	2	2024	2024-02	Winter	F	Immature	0.28		6	218	231	227	229	2.8284271247	1.2351210152	29/06/23	6	2023	Spring	No
452	13/02/24	2	2024	2024-02	Winter	F	Immature	0.28		6	251	222	247	249	2.8284271247	1.1359145079	09/06/23	6	2023	Spring	No
453	21/02/24	2	2024	2024-02	Winter	M	Mature	0.84	30	10	304	311	340	307.5	4.9497474683	1.6096739734	19/04/23	4	2023	Spring	Yes
454	21/02/24	2	2024	2024-02	Winter	F	Immature	0.82	30	9	415	396	354	405.5	13.4350288425	3.313200701	11/01/23	1	2023	Winter	Yes
455	21/02/24	2	2024	2024-02	Winter	F	Immature	1.68	20	11	369	332	350	341	12.7279220614	3.7325284637	17/03/23	3	2023	Winter	Yes
456	21/02/24	2	2024	2024-02	Winter	F	Maturation	1.84	20	12	372	332	376	374	2.8284271247	0.7562639371	12/02/23	2	2023	Winter	Yes
457	21/02/24	2	2024	2024-02	Winter	M	Mature	1.58	20	12	339	376	351	345	8.4852813742	2.4595018476	13/03/23	3	2023	Winter	Yes
458	21/02/24	2	2024	2024-02	Winter	M	Mature	1.74	20	11	352	380	378	379	1.4142135624	0.3731434202	07/02/23	2	2023	Winter	Yes
459	21/02/24	2	2024	2024-02	Winter	F	Immature	0.58	30	8	420	322	313	317.5	6.3639610307	2.004397175	09/04/23	4	2023	Spring	Yes
460	21/02/24	2	2024	2024-02	Winter	M	Mature	0.98	30	10	430	362	362	362	0	0	24/02/23	2	2023	Winter	Yes
461	21/02/24	2	2024	2024-02	Winter	F	Maturation	2.54	10	15	500	403	394	398.5	6.3639610307	1.5969789287	18/01/23	1	2023	Winter	Yes
462	21/02/24	2	2024	2024-02	Winter	M	Mature	2.74	10	14	424	408	382	416	11.313708499	2.7196414661	01/01/23	1	2023	Winter	Yes
463	21/02/24	2	2024	2024-02	Winter	M	Mature	2.38	10	12	501	517	474	509	11.313708499	2.2227325145	30/09/22	9	2022	Summer	Yes
464	21/02/24	2	2024	2024-02	Winter	F	Maturation	2.4	10	13	403	402	426	402.5	0.7071067812	0.1756787034	14/01/23	1	2023	Winter	Yes
465	21/02/24	2	2024	2024-02	Winter	F	Mature	3.7	11	16	447	380	443	445	2.8284271247	0.6356016011	03/12/22	12	2022	Autumn	Yes
466	21/02/24	2	2024	2024-02	Winter	M	Mature	3.58	11	14	452	462	427	457	7.0710678119	1.5472796087	21/11/22	11	2022	Autumn	Yes
467	21/02/24	2	2024	2024-02	Winter	F	Mature	4.54	11	18	435	397	417	426	12.7279220614	2.9877751318	22/12/22	12	2022	Autumn	Yes
468	21/02/24	2	2024	2024-02	Winter	M	Mature	6.1	11	16	450	517	520	518.5	2.1213203436	0.4091263922	20/09/22	9	2022	Summer	Yes
469	13/03/24	3	2024	2024-03	Winter	M	Immature	0.24		6	265	250	232	257.5	10.6066017178	4.1190686283	29/06/23	6	2023	Spring	No
470	13/03/24	3	2024	2024-03	Winter	F	Immature	0.1		5	233	235	260	234	1.4142135624	0.6043647702	23/07/23	7	2023	Summer	No
471	13/03/24	3	2024	2024-03	Winter	M	Immature	0.12		6	225	198	220	222.5	3.5355339059	1.5890040027	03/08/23	8	2023	Summer	No
472	13/03/24	3	2024	2024-03	Winter	F	Immature	0.22		7	312	268	309	310.5	2.1213203436	0.6831949577	07/05/23	5	2023	Spring	No
473	13/03/24	3	2024	2024-03	Winter	M	Maturation	0.46		8	253	265	259	262	4.2426406871	1.6193285065	25/06/23	6	2023	Spring	No
474	13/03/24	3	2024	2024-03	Winter	F	Immature	0.42		9	294	296	260	295	1.4142135624	0.4793944279	23/05/23	5	2023	Spring	No
475	26/03/24	3	2024	2024-03	Winter	F	Immature	0.6	30	7	273	288	264	268.5	6.3639610307	2.370190328	01/07/23	7	2023	Summer	Yes
476	26/03/24	3	2024	2024-03	Winter	M	Maturation	0.68	30	9	315	282	308	311.5	4.9497474683	1.5890040027	19/05/23	5	2023	Spring	Yes
477	26/03/24	3	2024	2024-03	Winter	M	Mature	0.76	30	8	302	274	302	302	0	0	29/05/23	5	2023	Spring	Yes
478	26/03/24	3	2024	2024-03	Winter	F	Maturation	0.78	30	9	363	343	287	353	14.1421356237	4.0062707149	08/04/23	4	2023	Spring	Yes
479	26/03/24	3	2024	2024-03	Winter	F	Maturation	1.44	20	11	350	380	344	347	4.2426406871	1.2226630222	14/04/23	4	2023	Spring	Yes
480	26/03/24	3	2024	2024-03	Winter	F	Mature	1.44	20	10	357	312	318	315	4.2426406871	1.3468700594	16/05/23	5	2023	Spring	Yes
481	26/03/24	3	2024	2024-03	Winter	M	Mature	1.2	20	11	439	374	399	386.5	17.6776695297	4.5737825433	05/03/23	3	2023	Winter	Yes
482	26/03/24	3	2024	2024-03	Winter	M	Mature	1	20	13	291	299	300	299.5	0.7071067812	0.2360957533	31/05/23	5	2023	Spring	Yes
483	26/03/24	3	2024	2024-03	Winter	F	Mature	2.56	10	12	340	396	379	387.5	12.0208152802	3.1021458788	04/03/23	3	2023	Winter	Yes
484	26/03/24	3	2024	2024-03	Winter	M	Mature	2.14	10	13	365	389	387	388	1.4142135624	0.3644880315	04/03/23	3	2023	Winter	Yes
485	26/03/24	3	2024	2024-03	Winter	M	Mature	3.04	11	13	398	426	365	412	19.7989898732	4.8055800663	08/02/23	2	2023	Winter	Yes
486	26/03/24	3	2024	2024-03	Winter	F	Maturation	2.68	10	14	419	427	403	423	5.6568542495	1.3373177895	28/01/23	1	2023	Winter	Yes
487	26/03/24	3	2024	2024-03	Winter	M	Mature	4.36	11	14	510	511	425	510.5	0.7071067812	0.1385125918	01/11/22	11	2022	Autumn	Yes
488	26/03/24	3	2024	2024-03	Winter	F	Mature	3.9	11	16	426	465	388	445.5	27.5771644663	6.190160374	05/01/23	1	2023	Winter	Yes
489	26/03/24	3	2024	2024-03	Winter	F	Mature	3.24	11	15	452	343	428	440	16.9705627485	3.8569460792	11/01/23	1	2023	Winter	Yes
490	26/03/24	3	2024	2024-03	Winter	M	Mature	3.2	11	14	355	396	369	362	9.8994949366	2.7346671096	30/03/23	3	2023	Winter	Yes
491	13/03/24	3	2024	2024-03	Winter	F	Immature	0.26		6	251	240	237	238.5	2.1213203436	0.8894424921	18/07/23	7	2023	Summer	No
492	13/03/24	3	2024	2024-03	Winter	M	Maturation	0.48		7	231	236	231	231	0	0	26/07/23	7	2023	Summer	No
493	13/03/24	3	2024	2024-03	Winter	F	Immature	0.18		5	240	196	244	242	2.8284271247	1.1687715392	15/07/23	7	2023	Summer	No
494	13/03/24	3	2024	2024-03	Winter	M	Immature	0.34		7	261	252	265	263	2.8284271247	1.0754475759	24/06/23	6	2023	Spring	No
495	13/03/24	3	2024	2024-03	Winter	M	Maturation	0.48		7	335	297	329	332	4.2426406871	1.2779038214	16/04/23	4	2023	Spring	No
496	13/03/24	3	2024	2024-03	Winter	M	Immature	0.22		6	240	232	264	236	5.6568542495	2.3969721396	21/07/23	7	2023	Summer	No
497	13/03/24	3	2024	2024-03	Winter	F	Immature	0.14		5	251	241	265	246	7.0710678119	2.8744178097	11/07/23	7	2023	Summer	No
498	13/03/24	3	2024	2024-03	Winter	M	Immature	0.16		6	257	259	224	258	1.4142135624	0.5481447916	29/06/23	6	2023	Spring	No
499	13/03/24	3	2024	2024-03	Winter	M	Maturation	0.28		6	252	276	278	277	1.4142135624	0.5105464124	10/06/23	6	2023	Spring	No
500	13/03/24	3	2024	2024-03	Winter	F	Immature	0.16		6	286	244	270	278	11.313708499	4.0696793162	09/06/23	6	2023	Spring	No
501	13/03/24	3	2024	2024-03	Winter	F	Immature	0.16		5	284	266	255	260.5	7.7781745931	2.9858635674	26/06/23	6	2023	Spring	No
502	13/03/24	3	2024	2024-03	Winter	M	Immature	0.3		6	278	244	278	278	0	0	09/06/23	6	2023	Spring	No
503	13/03/24	3	2024	2024-03	Winter	M	Maturation	0.36		7	283	279	300	281	2.8284271247	1.0065576956	06/06/23	6	2023	Spring	No
504	13/03/24	3	2024	2024-03	Winter	M	Immature	0.26		7	251	272	267	269.5	3.5355339059	1.3118864215	17/06/23	6	2023	Spring	No
