Date	YearAndMonth	Sex	Weight	WeightClass	VentralMantleLength
10/11/22	2022-11	M	4.56	11	16
10/11/22	2022-11	M	3.17	11	13
10/11/22	2022-11	F	4.28	11	14
10/11/22	2022-11	M	3	11	13
10/11/22	2022-11	M	3.69	11	14
10/11/22	2022-11	F	2.06	10	11
10/11/22	2022-11	F	2.17	10	11
10/11/22	2022-11	M	2.21	10	13
10/11/22	2022-11	M	2.08	10	12
10/11/22	2022-11	F	2.07	10	12
10/11/22	2022-11	F	0.92	30	8
10/11/22	2022-11	M	0.87	30	7
10/11/22	2022-11	F	0.76	30	7
10/11/22	2022-11	M	0.87	30	9
10/11/22	2022-11	M	0.97	30	9
10/11/22	2022-11	M	1.56	20	10
10/11/22	2022-11	F	1.91	20	12
10/11/22	2022-11	F	1.67	20	11
10/11/22	2022-11	F	1.16	20	9
10/11/22	2022-11	M	1.88	20	11
10/11/22	2022-11	M	2.44	10	13
10/11/22	2022-11	F	2.24	10	12
10/11/22	2022-11	F	2.23	10	12
10/11/22	2022-11	M	1.81	10	10
10/11/22	2022-11	F	2.17	10	12
10/11/22	2022-11	M	2.1	10	11
10/11/22	2022-11	F	2.33	10	13
10/11/22	2022-11	M	2.75	10	14
10/11/22	2022-11	F	1.65	10	11
10/11/22	2022-11	F	1.96	10	10
10/11/22	2022-11	M	2.75	10	13
10/11/22	2022-11	M	2.01	10	10
10/11/22	2022-11	F	2.03	10	10
10/11/22	2022-11	M	2.5	10	13
10/11/22	2022-11	F	2.37	10	12
10/11/22	2022-11	M	2.82	10	12
10/11/22	2022-11	M	2.1	10	11
10/11/22	2022-11	M	3.1	10	11
10/11/22	2022-11	F	2.59	10	13
10/11/22	2022-11	F	2.21	10	12
10/11/22	2022-11	F	2.92	11	15
10/11/22	2022-11	F	3.43	11	14
10/11/22	2022-11	M	3.16	11	13
10/11/22	2022-11	F	3.01	11	14
10/11/22	2022-11	F	3.02	11	14
10/11/22	2022-11	M	4.54	11	15
10/11/22	2022-11	F	3.25	11	14
10/11/22	2022-11	F	2.89	11	13
10/11/22	2022-11	M	5.55	11	15
10/11/22	2022-11	F	3.25	11	13
10/11/22	2022-11	F	4.25	11	15
10/11/22	2022-11	M	4.47	11	16
10/11/22	2022-11	M	2.91	11	14
10/11/22	2022-11	M	5.55	11	15
10/11/22	2022-11	F	4.79	11	15
10/11/22	2022-11	F	3.09	11	12
10/11/22	2022-11	F	1.24	20	10
10/11/22	2022-11	M	1.37	20	11
10/11/22	2022-11	F	1.46	20	11
10/11/22	2022-11	F	1.5	20	11
10/11/22	2022-11	M	1.71	20	11
10/11/22	2022-11	M	1.83	20	11
10/11/22	2022-11	M	1.4	20	10
10/11/22	2022-11	M	1.25	20	9
10/11/22	2022-11	F	1.6	20	11
10/11/22	2022-11	F	1.67	20	12
10/11/22	2022-11	F	1.32	20	10
10/11/22	2022-11	F	1.74	20	11
10/11/22	2022-11	F	1.49	20	11
10/11/22	2022-11	M	1.67	20	10
10/11/22	2022-11	M	1.45	20	9
10/11/22	2022-11	M	1.76	20	10
10/11/22	2022-11	M	1.54	20	10
10/11/22	2022-11	F	1.46	20	10
10/11/22	2022-11	F	1.12	20	9
10/11/22	2022-11	M	1.43	20	10
10/11/22	2022-11	M	1.07	20	9
10/11/22	2022-11	M	1.09	30	9
10/11/22	2022-11	M	1	30	8
10/11/22	2022-11	F	0.9	30	8
06/12/22	2022-12	F	3.43	11	15
06/12/22	2022-12	M	3.2	11	15
06/12/22	2022-12	F	4.2	11	16
06/12/22	2022-12	F	3.67	11	17
06/12/22	2022-12	F	3.34	11	17
06/12/22	2022-12	M	2.9	11	14
06/12/22	2022-12	M	2.87	11	15
06/12/22	2022-12	F	3.43	11	15
06/12/22	2022-12	F	4.55	11	17
06/12/22	2022-12	M	2.91	11	14
06/12/22	2022-12	F	3.36	11	15
06/12/22	2022-12	M	3.78	11	16
06/12/22	2022-12	M	3.26	11	15
06/12/22	2022-12	M	2.96	11	14
06/12/22	2022-12	M	3.16	11	14
06/12/22	2022-12	F	3.05	11	16
06/12/22	2022-12	F	3.4	11	15
06/12/22	2022-12	F	3.69	11	16
06/12/22	2022-12	F	4.65	11	18
06/12/22	2022-12	M	3.04	11	14
06/12/22	2022-12	M	4.36	11	17
06/12/22	2022-12	F	3.98	11	16
06/12/22	2022-12	F	3.08	11	14
06/12/22	2022-12	M	4.31	11	16
06/12/22	2022-12	M	3.73	11	16
06/12/22	2022-12	F	1.77	20	12
06/12/22	2022-12	F	1.48	20	12
06/12/22	2022-12	F	1.82	20	12
06/12/22	2022-12	M	1.47	20	11
06/12/22	2022-12	F	1.54	20	12
06/12/22	2022-12	F	2	20	12
06/12/22	2022-12	F	1.84	20	10
06/12/22	2022-12	M	2.06	20	12
06/12/22	2022-12	M	0.74	20	9
06/12/22	2022-12	F	1.9	20	9
06/12/22	2022-12	F	1.62	20	12
06/12/22	2022-12	F	1.09	20	10
06/12/22	2022-12	F	1.47	20	11
06/12/22	2022-12	F	1.15	20	9
06/12/22	2022-12	M	1.61	20	13
06/12/22	2022-12	M	1.43	20	11
06/12/22	2022-12	M	1.75	20	11
06/12/22	2022-12	M	1.19	20	10
06/12/22	2022-12	M	1.91	20	11
06/12/22	2022-12	F	1.09	20	10
06/12/22	2022-12	F	1.58	20	11
06/12/22	2022-12	F	1.39	20	10
06/12/22	2022-12	F	1.34	20	9
06/12/22	2022-12	M	2.48	10	12
06/12/22	2022-12	F	2.46	10	13
06/12/22	2022-12	F	2.95	10	15
06/12/22	2022-12	M	1.54	10	11
06/12/22	2022-12	F	2.21	10	12
06/12/22	2022-12	F	1.94	10	12
06/12/22	2022-12	F	1.84	10	13
06/12/22	2022-12	F	2.24	10	12
06/12/22	2022-12	F	2.24	10	11
06/12/22	2022-12	F	2.39	10	12
06/12/22	2022-12	F	3.03	10	14
06/12/22	2022-12	F	3.52	10	15
06/12/22	2022-12	F	2.01	10	11
06/12/22	2022-12	F	1.98	10	12
06/12/22	2022-12	F	2.64	10	13
06/12/22	2022-12	F	1.94	10	11
06/12/22	2022-12	F	2.82	10	14
06/12/22	2022-12	F	2.82	10	14
06/12/22	2022-12	F	1.9	10	12
06/12/22	2022-12	M	2.05	10	11
06/12/22	2022-12	F	2.55	10	13
06/12/22	2022-12	F	2.34	10	14
06/12/22	2022-12	F	2.24	10	12
06/12/22	2022-12	F	2.21	10	12
06/12/22	2022-12	F	1.8	10	11
06/12/22	2022-12	F	2.18	10	12
06/12/22	2022-12	M	1.03	30	9
06/12/22	2022-12	M	0.97	30	9
06/12/22	2022-12	M	1.24	30	10
06/12/22	2022-12	M	0.67	30	8
06/12/22	2022-12	F	0.88	30	9
06/12/22	2022-12	M	1.06	30	10
06/12/22	2022-12	F	0.71	30	8
06/12/22	2022-12	M	1.05	30	9
06/12/22	2022-12	F	0.7	30	7
06/12/22	2022-12	M	0.94	30	8
06/12/22	2022-12	M	0.77	30	9
06/12/22	2022-12	F	0.86	30	8
06/12/22	2022-12	M	1.2	30	10
06/12/22	2022-12	M	1	30	9
06/12/22	2022-12	F	1.16	30	9
06/12/22	2022-12	F	0.81	30	8
06/12/22	2022-12	M	1.03	30	9
06/12/22	2022-12	M	0.81	30	8
06/12/22	2022-12	M	1.05	30	9
06/12/22	2022-12	M	0.69	30	8
06/12/22	2022-12	M	1.15	30	11
06/12/22	2022-12	F	0.65	30	8
06/12/22	2022-12	M	0.82	30	9
06/12/22	2022-12	M	0.49	30	7
06/12/22	2022-12	M	0.84	30	9
21/12/22	2022-12	F	2.62	10	12
21/12/22	2022-12	F	2.63	10	13
21/12/22	2022-12	F	2.07	10	11
21/12/22	2022-12	F	2.14	10	12
21/12/22	2022-12	F	2.51	10	13
21/12/22	2022-12	F	2	10	13
21/12/22	2022-12	F	2.65	10	13
21/12/22	2022-12	M	2.37	10	12
21/12/22	2022-12	M	2.37	10	12
21/12/22	2022-12	M	2.13	10	11
21/12/22	2022-12	M	2.35	10	12
21/12/22	2022-12	M	2.33	10	11
21/12/22	2022-12	F	2.48	10	13
21/12/22	2022-12	F	2.31	10	11
21/12/22	2022-12	F	2.13	10	11
21/12/22	2022-12	F	2.83	10	12
21/12/22	2022-12	M	2.56	10	12
21/12/22	2022-12	F	2.7	10	11
21/12/22	2022-12	F	2.01	10	12
21/12/22	2022-12	F	2.19	10	12
21/12/22	2022-12	F	2.16	10	12
21/12/22	2022-12	F	2.87	10	13
21/12/22	2022-12	F	2.91	11	13
21/12/22	2022-12	M	2.98	11	13
21/12/22	2022-12	F	2.92	11	13
21/12/22	2022-12	F	2.9	11	13
21/12/22	2022-12	M	3.46	11	14
21/12/22	2022-12	F	3.98	11	15
21/12/22	2022-12	F	4.99	11	15
21/12/22	2022-12	F	4.39	11	15
21/12/22	2022-12	F	4.11	11	16
21/12/22	2022-12	M	3.82	11	13
21/12/22	2022-12	F	3.73	11	13
21/12/22	2022-12	F	5.1	11	13
21/12/22	2022-12	F	3.02	11	12
21/12/22	2022-12	M	1.89	20	11
21/12/22	2022-12	F	1.34	20	10
21/12/22	2022-12	F	1.3	20	9
21/12/22	2022-12	F	1.8	20	9
21/12/22	2022-12	M	2.1	20	11
21/12/22	2022-12	M	1.74	20	10
21/12/22	2022-12	M	1.31	20	10
21/12/22	2022-12	M	1.75	20	9
21/12/22	2022-12	F	2.17	20	11
21/12/22	2022-12	F	1.75	20	10
21/12/22	2022-12	F	1.47	20	10
21/12/22	2022-12	F	1.91	20	10
21/12/22	2022-12	F	1.36	20	9
21/12/22	2022-12	M	1.45	20	11
21/12/22	2022-12	F	1.58	20	10
21/12/22	2022-12	F	1.64	20	10
21/12/22	2022-12	F	1.22	20	8
21/12/22	2022-12	M	1.53	20	9
21/12/22	2022-12	F	1.84	20	10
21/12/22	2022-12	M	1.42	20	9
21/12/22	2022-12	M	1.45	20	9
21/12/22	2022-12	M	1.33	20	9
21/12/22	2022-12	M	1.89	20	11
21/12/22	2022-12	F	2.05	20	11
21/12/22	2022-12	F	1.68	20	9
05/01/23	2023-01	F	0.9	30	8
05/01/23	2023-01	F	1	30	9
05/01/23	2023-01	F	0.98	30	10
05/01/23	2023-01	F	1.18	30	10
05/01/23	2023-01	M	0.44	30	7
05/01/23	2023-01	F	1.14	30	10
05/01/23	2023-01	F	1.3	30	11
05/01/23	2023-01	F	1	30	10
05/01/23	2023-01	F	1.07	30	10
05/01/23	2023-01	M	0.87	30	8
05/01/23	2023-01	F	1.41	30	11
05/01/23	2023-01	F	0.73	30	8
05/01/23	2023-01	M	1.09	30	10
05/01/23	2023-01	F	0.89	30	9
05/01/23	2023-01	F	1.24	30	11
05/01/23	2023-01	M	0.95	30	10
05/01/23	2023-01	F	0.92	30	8
05/01/23	2023-01	F	0.95	30	8
05/01/23	2023-01	M	0.74	30	10
05/01/23	2023-01	F	0.59	30	8
05/01/23	2023-01	F	0.94	30	11
05/01/23	2023-01	F	0.9	30	11
05/01/23	2023-01	F	0.81	30	9
05/01/23	2023-01	F	1.34	20	10
05/01/23	2023-01	F	1.81	20	13
05/01/23	2023-01	F	1.72	20	11
05/01/23	2023-01	F	1.27	20	10
05/01/23	2023-01	F	1.52	20	11
05/01/23	2023-01	F	1.75	20	12
05/01/23	2023-01	F	2.09	20	12
05/01/23	2023-01	F	2.17	20	13
05/01/23	2023-01	F	1.3	20	11
05/01/23	2023-01	F	1.33	20	11
05/01/23	2023-01	F	1.45	20	11
05/01/23	2023-01	M	1.68	20	11
05/01/23	2023-01	M	1.36	20	11
05/01/23	2023-01	F	1.47	20	10
05/01/23	2023-01	F	1.88	20	11
05/01/23	2023-01	F	1.59	20	10
05/01/23	2023-01	M	1.47	20	11
05/01/23	2023-01	F	1.47	20	11
05/01/23	2023-01	F	1.42	20	11
05/01/23	2023-01	F	1.66	20	11
05/01/23	2023-01	F	1.8	20	11
05/01/23	2023-01	M	1.91	20	12
05/01/23	2023-01	F	2.66	10	14
05/01/23	2023-01	F	2.23	10	14
05/01/23	2023-01	F	2.32	10	13
05/01/23	2023-01	F	2.84	10	14
05/01/23	2023-01	F	2.67	10	14
05/01/23	2023-01	F	2.65	10	14
05/01/23	2023-01	F	2.2	10	14
05/01/23	2023-01	F	2.63	10	15
05/01/23	2023-01	F	3.03	10	16
05/01/23	2023-01	F	2.05	10	13
05/01/23	2023-01	F	2.04	10	13
05/01/23	2023-01	F	2.34	10	13
05/01/23	2023-01	F	2.79	10	15
05/01/23	2023-01	M	2.32	10	13
05/01/23	2023-01	M	2.24	10	14
05/01/23	2023-01	M	2.31	10	12
05/01/23	2023-01	F	2.18	10	14
05/01/23	2023-01	M	2.35	10	13
05/01/23	2023-01	F	2.51	10	14
05/01/23	2023-01	M	1.76	10	12
05/01/23	2023-01	F	2.12	10	13
05/01/23	2023-01	F	2.12	10	13
05/01/23	2023-01	F	2.63	10	13
05/01/23	2023-01	F	2.36	10	13
05/01/23	2023-01	F	2.14	10	11
05/01/23	2023-01	F	3.33	11	18
05/01/23	2023-01	F	3.79	11	18
05/01/23	2023-01	M	4.8	11	18
05/01/23	2023-01	M	4.14	11	17
05/01/23	2023-01	M	3.55	11	17
05/01/23	2023-01	M	4.17	11	18
05/01/23	2023-01	F	3.49	11	14
05/01/23	2023-01	F	3.25	11	16
05/01/23	2023-01	F	2.91	11	16
05/01/23	2023-01	M	4.61	11	17
05/01/23	2023-01	F	3.62	11	17
05/01/23	2023-01	F	3.82	11	16
05/01/23	2023-01	M	4.69	11	18
05/01/23	2023-01	M	4.36	11	16
05/01/23	2023-01	F	3.24	11	15
05/01/23	2023-01	M	3.58	11	13
05/01/23	2023-01	M	3.65	11	16
05/01/23	2023-01	M	3.37	11	15
05/01/23	2023-01	F	4.48	11	17
05/01/23	2023-01	M	3.28	11	13
05/01/23	2023-01	M	3.85	11	16
05/01/23	2023-01	M	3.84	11	17
05/01/23	2023-01	F	3.32	11	15
20/01/23	2023-01	F	2.34	10	10
20/01/23	2023-01	F	2.1	10	10
20/01/23	2023-01	F	2.06	10	10
20/01/23	2023-01	F	2.04	10	10
20/01/23	2023-01	F	2.74	10	12
20/01/23	2023-01	F	2.26	10	11
20/01/23	2023-01	M	2.16	10	11
20/01/23	2023-01	F	1.96	10	10
20/01/23	2023-01	F	2.36	10	11
20/01/23	2023-01	F	2.16	10	10
20/01/23	2023-01	F	2.34	10	10
20/01/23	2023-01	M	2.56	10	11
20/01/23	2023-01	F	2.18	10	12
20/01/23	2023-01	F	2.3	10	10
20/01/23	2023-01	F	1.94	10	10
20/01/23	2023-01	M	1.72	10	10
20/01/23	2023-01	F	1.86	10	10
20/01/23	2023-01	M	2.54	10	11
20/01/23	2023-01	F	2.02	10	10
20/01/23	2023-01	F	1.68	10	10
20/01/23	2023-01	F	1.98	10	10
20/01/23	2023-01	M	2.06	10	10
20/01/23	2023-01	F	1.96	10	11
20/01/23	2023-01	M	2.28	10	11
20/01/23	2023-01	F	1.48	20	9
20/01/23	2023-01	F	1.04	20	7
20/01/23	2023-01	F	1.06	20	8
20/01/23	2023-01	F	1.3	20	10
20/01/23	2023-01	F	1.18	20	8
20/01/23	2023-01	F	1.42	20	9
20/01/23	2023-01	M	0.9	20	7
20/01/23	2023-01	M	1.18	20	9
20/01/23	2023-01	M	0.9	20	7
20/01/23	2023-01	F	0.9	20	8
20/01/23	2023-01	M	1.24	20	9
20/01/23	2023-01	F	1.02	20	8
20/01/23	2023-01	F	0.92	20	8
20/01/23	2023-01	F	1.84	20	10
20/01/23	2023-01	F	1.12	20	8
20/01/23	2023-01	F	1.1	20	8
20/01/23	2023-01	F	1.5	20	10
20/01/23	2023-01	M	0.88	20	8
20/01/23	2023-01	M	1.76	20	9
20/01/23	2023-01	M	1.54	20	10
20/01/23	2023-01	M	1.94	20	10
20/01/23	2023-01	F	1.68	20	9
20/01/23	2023-01	F	1.72	20	10
20/01/23	2023-01	M	1.44	20	9
20/01/23	2023-01	M	1.18	20	8
20/01/23	2023-01	M	0.94	30	6
20/01/23	2023-01	F	0.98	30	7
20/01/23	2023-01	F	0.96	30	7
20/01/23	2023-01	M	0.76	30	7
20/01/23	2023-01	M	0.84	30	7
20/01/23	2023-01	F	0.82	30	7
20/01/23	2023-01	M	0.72	30	8
20/01/23	2023-01	F	0.84	30	7
20/01/23	2023-01	M	0.92	30	7
20/01/23	2023-01	M	1.36	30	8
20/01/23	2023-01	F	0.8	30	8
20/01/23	2023-01	M	1.04	30	8
20/01/23	2023-01	M	0.98	30	7
20/01/23	2023-01	M	1.06	30	8
20/01/23	2023-01	M	0.46	30	6
20/01/23	2023-01	M	0.94	30	7
20/01/23	2023-01	F	1.38	30	9
20/01/23	2023-01	F	0.98	30	7
20/01/23	2023-01	M	0.74	30	7
20/01/23	2023-01	M	0.94	30	7
20/01/23	2023-01	F	0.98	30	7
20/01/23	2023-01	M	1.1	30	7
20/01/23	2023-01	F	1.14	30	8
20/01/23	2023-01	M	2.28	11	9
20/01/23	2023-01	F	2.56	11	12
20/01/23	2023-01	F	4.14	11	13
20/01/23	2023-01	M	3.92	11	13
20/01/23	2023-01	M	3.12	11	13
20/01/23	2023-01	F	3.06	11	13
20/01/23	2023-01	M	3.4	11	13
20/01/23	2023-01	M	3.01	11	11
20/01/23	2023-01	M	2.88	11	12
20/01/23	2023-01	F	3.16	11	13
20/01/23	2023-01	F	3.66	11	13
20/01/23	2023-01	M	2.65	11	12
20/01/23	2023-01	M	2.22	11	10
20/01/23	2023-01	F	3.64	11	14
20/01/23	2023-01	F	4.14	11	14
20/01/23	2023-01	F	2.9	11	11
20/01/23	2023-01	F	2.96	11	12
20/01/23	2023-01	F	3.56	11	14
20/01/23	2023-01	F	3.52	11	13
20/01/23	2023-01	F	2.92	11	13
20/01/23	2023-01	F	3.62	11	13
20/01/23	2023-01	M	3.2	11	12
20/01/23	2023-01	F	4.2	11	14
20/01/23	2023-01	M	3.62	11	13
20/01/23	2023-01	F	5.22	11	15
09/02/23	2023-02	M	2.7	11	13
09/02/23	2023-02	M	3.78	11	14
09/02/23	2023-02	M	3.22	11	12
09/02/23	2023-02	M	2.88	11	12
09/02/23	2023-02	M	2.98	11	12
09/02/23	2023-02	F	3.56	11	14
09/02/23	2023-02	M	4.32	11	13
09/02/23	2023-02	M	2.92	11	13
09/02/23	2023-02	F	3.08	11	13
09/02/23	2023-02	M	3.68	11	13
09/02/23	2023-02	F	4.32	11	13
09/02/23	2023-02	F	3.76	11	14
09/02/23	2023-02	F	2.98	11	13
09/02/23	2023-02	F	4.34	11	18
09/02/23	2023-02	M	2.86	11	13
09/02/23	2023-02	M	3.06	11	12
09/02/23	2023-02	M	3.16	11	12
09/02/23	2023-02	M	2.86	11	12
09/02/23	2023-02	M	3.42	11	12
09/02/23	2023-02	F	3.4	11	13
09/02/23	2023-02	M	2.86	11	14
09/02/23	2023-02	M	3.92	11	13
09/02/23	2023-02	M	3.14	11	12
09/02/23	2023-02	M	3.08	11	12
09/02/23	2023-02	M	3.3	11	14
09/02/23	2023-02	F	4.54	11	14
09/02/23	2023-02	M	5.56	11	15
09/02/23	2023-02	M	4.64	11	13
09/02/23	2023-02	M	3.24	11	13
09/02/23	2023-02	M	0.58	30	8
09/02/23	2023-02	M	0.58	30	8
09/02/23	2023-02	F	0.86	30	9
09/02/23	2023-02	M	0.78	30	8
09/02/23	2023-02	F	0.86	30	9
09/02/23	2023-02	M	0.64	30	8
09/02/23	2023-02	M	0.46	30	7
09/02/23	2023-02	M	0.64	30	8
09/02/23	2023-02	M	0.66	30	7
09/02/23	2023-02	M	0.9	30	8
09/02/23	2023-02	F	0.92	30	9
09/02/23	2023-02	F	0.7	30	10
09/02/23	2023-02	M	0.6	30	8
09/02/23	2023-02	M	0.9	30	7
09/02/23	2023-02	M	0.66	30	8
09/02/23	2023-02	M	0.72	30	8
09/02/23	2023-02	F	0.78	30	9
09/02/23	2023-02	F	0.84	30	8
09/02/23	2023-02	M	0.66	30	8
09/02/23	2023-02	M	0.9	30	9
09/02/23	2023-02	F	0.82	30	8
09/02/23	2023-02	M	0.76	30	8
09/02/23	2023-02	M	1.72	20	10
09/02/23	2023-02	M	1.88	20	11
09/02/23	2023-02	F	1.42	20	9
09/02/23	2023-02	M	1.66	20	10
09/02/23	2023-02	M	1.12	20	9
09/02/23	2023-02	F	1.26	20	10
09/02/23	2023-02	M	1.1	20	11
09/02/23	2023-02	F	0.94	20	10
09/02/23	2023-02	F	1.3	20	11
09/02/23	2023-02	M	0.92	20	9
09/02/23	2023-02	M	1.06	20	11
09/02/23	2023-02	M	1.18	20	11
09/02/23	2023-02	M	1.16	20	10
09/02/23	2023-02	M	1.02	20	8
09/02/23	2023-02	M	1.66	20	10
09/02/23	2023-02	M	1.5	20	9
09/02/23	2023-02	M	1.8	20	13
09/02/23	2023-02	F	1.04	20	10
09/02/23	2023-02	F	1.36	20	11
09/02/23	2023-02	M	1.44	20	11
09/02/23	2023-02	F	0.96	20	8
09/02/23	2023-02	M	1.04	20	10
09/02/23	2023-02	M	0.96	20	9
09/02/23	2023-02	F	0.9	20	8
09/02/23	2023-02	M	1.2	20	10
09/02/23	2023-02	M	2.16	10	13
09/02/23	2023-02	M	2.22	10	12
09/02/23	2023-02	M	1.92	10	11
09/02/23	2023-02	F	2	10	13
09/02/23	2023-02	M	1.88	10	12
09/02/23	2023-02	M	2.24	10	11
09/02/23	2023-02	M	2.44	10	11
09/02/23	2023-02	F	2.52	10	13
09/02/23	2023-02	F	2.1	10	12
09/02/23	2023-02	F	1.98	10	11
09/02/23	2023-02	F	2.48	10	11
09/02/23	2023-02	F	1.96	10	12
09/02/23	2023-02	M	2.32	10	12
09/02/23	2023-02	F	2.4	10	13
09/02/23	2023-02	F	2.08	10	12
09/02/23	2023-02	M	2.14	10	13
09/02/23	2023-02	M	2.3	10	12
09/02/23	2023-02	M	2.06	10	12
09/02/23	2023-02	M	2.64	10	15
09/02/23	2023-02	F	2.72	10	13
09/02/23	2023-02	M	2.24	10	12
09/02/23	2023-02	F	2.44	10	14
09/02/23	2023-02	F	2.36	10	12
09/02/23	2023-02	M	2.62	10	14
09/02/23	2023-02	M	1.68	10	11
03/03/23	2023-03	F	4.12	11	16
03/03/23	2023-03	F	3.4	11	17
03/03/23	2023-03	M	4.4	11	17
03/03/23	2023-03	F	3.3	11	16
03/03/23	2023-03	M	0.68	30	7
03/03/23	2023-03	F	0.64	30	7
03/03/23	2023-03	F	0.64	30	7
03/03/23	2023-03	F	1	30	9
03/03/23	2023-03	M	0.92	30	8
03/03/23	2023-03	M	3.3	11	15
03/03/23	2023-03	M	3.3	11	15
03/03/23	2023-03	M	4.14	11	16
03/03/23	2023-03	M	3.1	11	16
03/03/23	2023-03	F	3.32	11	14
03/03/23	2023-03	M	3.9	11	16
03/03/23	2023-03	F	3.64	11	16
03/03/23	2023-03	M	3.48	11	14
03/03/23	2023-03	F	3.34	11	16
03/03/23	2023-03	M	3.88	11	14
03/03/23	2023-03	M	4.84	11	17
03/03/23	2023-03	M	3.72	11	15
03/03/23	2023-03	F	3.8	11	15
03/03/23	2023-03	F	3.08	11	15
03/03/23	2023-03	F	3.68	11	17
03/03/23	2023-03	F	3.32	11	16
03/03/23	2023-03	M	2.88	11	15
03/03/23	2023-03	F	3.1	11	13
03/03/23	2023-03	M	4.9	11	15
03/03/23	2023-03	M	6	11	17
03/03/23	2023-03	M	4.68	11	16
03/03/23	2023-03	M	0.68	30	8
03/03/23	2023-03	F	0.82	30	8
03/03/23	2023-03	F	1	30	9
03/03/23	2023-03	M	0.92	30	8
03/03/23	2023-03	M	0.88	30	8
03/03/23	2023-03	M	0.74	30	9
03/03/23	2023-03	M	0.74	30	7
03/03/23	2023-03	M	1.04	30	9
03/03/23	2023-03	M	1.02	30	9
03/03/23	2023-03	F	0.98	30	9
03/03/23	2023-03	M	0.94	30	8
03/03/23	2023-03	F	0.88	30	8
03/03/23	2023-03	M	0.76	30	7
03/03/23	2023-03	F	0.92	30	8
03/03/23	2023-03	F	0.7	30	7
03/03/23	2023-03	M	1.08	20	11
03/03/23	2023-03	F	1.46	20	9
03/03/23	2023-03	M	1.02	20	8
03/03/23	2023-03	M	1.5	20	10
03/03/23	2023-03	M	1.12	20	8
03/03/23	2023-03	M	1.5	20	9
03/03/23	2023-03	M	1.22	20	9
03/03/23	2023-03	F	1.18	20	11
03/03/23	2023-03	M	1.46	20	10
03/03/23	2023-03	F	1.8	20	12
03/03/23	2023-03	M	1.18	20	10
03/03/23	2023-03	M	1.02	20	8
03/03/23	2023-03	F	2.14	20	13
03/03/23	2023-03	M	1.52	20	11
03/03/23	2023-03	M	1.62	20	11
03/03/23	2023-03	M	1.1	20	11
03/03/23	2023-03	F	1.44	20	11
03/03/23	2023-03	F	1.06	20	9
03/03/23	2023-03	F	1.48	20	11
03/03/23	2023-03	M	1.5	20	11
03/03/23	2023-03	F	1.24	20	10
03/03/23	2023-03	F	1.82	20	12
03/03/23	2023-03	F	0.96	20	10
03/03/23	2023-03	M	1.42	20	10
03/03/23	2023-03	M	1.78	20	11
03/03/23	2023-03	F	2.4	10	12
03/03/23	2023-03	F	2.84	10	15
03/03/23	2023-03	F	2.38	10	13
03/03/23	2023-03	F	2.9	10	14
03/03/23	2023-03	F	2.3	10	14
03/03/23	2023-03	M	2.56	10	14
03/03/23	2023-03	M	2.64	10	13
03/03/23	2023-03	M	1.94	10	11
03/03/23	2023-03	F	1.82	10	13
03/03/23	2023-03	M	2.04	10	11
03/03/23	2023-03	M	2.02	10	11
03/03/23	2023-03	F	2.24	10	13
03/03/23	2023-03	M	3.18	10	14
03/03/23	2023-03	M	2.32	10	11
03/03/23	2023-03	M	2.94	10	12
03/03/23	2023-03	F	2.48	10	13
03/03/23	2023-03	F	2.8	10	15
03/03/23	2023-03	M	2.48	10	12
03/03/23	2023-03	M	2.62	10	14
03/03/23	2023-03	M	2.1	10	14
03/03/23	2023-03	M	2.18	10	12
03/03/23	2023-03	F	2.3	10	13
03/03/23	2023-03	M	2.94	10	14
03/03/23	2023-03	F	2	10	12
03/03/23	2023-03	M	2.66	10	13
17/03/23	2023-03	M	0.32	30	6
17/03/23	2023-03	M	0.9	30	8
17/03/23	2023-03	M	0.88	30	9
17/03/23	2023-03	F	0.98	30	9
17/03/23	2023-03	F	0.88	30	8
17/03/23	2023-03	M	0.54	30	7
17/03/23	2023-03	F	0.7	30	8
17/03/23	2023-03	M	1.18	30	10
17/03/23	2023-03	F	0.68	30	7
17/03/23	2023-03	F	0.52	30	7
17/03/23	2023-03	M	0.9	30	8
17/03/23	2023-03	M	0.84	30	8
17/03/23	2023-03	M	0.46	30	6
17/03/23	2023-03	M	0.92	30	8
17/03/23	2023-03	F	0.9	30	9
17/03/23	2023-03	F	0.88	30	8
17/03/23	2023-03	F	0.76	30	7
17/03/23	2023-03	F	0.54	30	7
17/03/23	2023-03	M	0.84	30	8
17/03/23	2023-03	M	0.76	30	7
17/03/23	2023-03	F	0.42	30	6
17/03/23	2023-03	F	0.84	30	8
17/03/23	2023-03	M	0.82	30	8
17/03/23	2023-03	F	1.02	30	10
17/03/23	2023-03	F	0.9	30	8
17/03/23	2023-03	M	1.58	20	10
17/03/23	2023-03	F	1.44	20	11
17/03/23	2023-03	F	1.78	20	11
17/03/23	2023-03	M	1.46	20	11
17/03/23	2023-03	M	1.6	20	10
17/03/23	2023-03	F	1.32	20	10
17/03/23	2023-03	M	1.1	20	9
17/03/23	2023-03	F	1.64	20	10
17/03/23	2023-03	M	1.54	20	9
17/03/23	2023-03	M	1.3	20	10
17/03/23	2023-03	F	1.18	20	10
17/03/23	2023-03	F	1.54	20	11
17/03/23	2023-03	M	1.14	20	9
17/03/23	2023-03	F	1.82	20	12
17/03/23	2023-03	F	1.62	20	10
17/03/23	2023-03	F	1.7	20	12
17/03/23	2023-03	M	1.28	20	9
17/03/23	2023-03	M	1.24	20	9
17/03/23	2023-03	M	1.86	20	11
17/03/23	2023-03	M	1.32	20	10
17/03/23	2023-03	F	1.06	20	8
17/03/23	2023-03	F	1.92	20	11
17/03/23	2023-03	F	0.96	20	8
17/03/23	2023-03	F	1.3	20	11
17/03/23	2023-03	M	2.46	10	11
17/03/23	2023-03	F	2.44	10	11
17/03/23	2023-03	M	2.36	10	13
17/03/23	2023-03	M	2.9	10	12
17/03/23	2023-03	F	1.74	10	11
17/03/23	2023-03	M	2.18	10	13
17/03/23	2023-03	M	2.38	10	11
17/03/23	2023-03	F	2.52	10	14
17/03/23	2023-03	F	1.52	10	10
17/03/23	2023-03	M	2.64	10	12
17/03/23	2023-03	F	3	10	16
17/03/23	2023-03	F	2.14	10	11
17/03/23	2023-03	M	2.48	10	11
17/03/23	2023-03	F	1.54	10	10
17/03/23	2023-03	M	2.22	10	11
17/03/23	2023-03	F	2.04	10	12
17/03/23	2023-03	F	2.66	10	13
17/03/23	2023-03	F	1.66	10	11
17/03/23	2023-03	F	2.18	10	11
17/03/23	2023-03	M	2.36	10	10
17/03/23	2023-03	M	1.74	10	11
17/03/23	2023-03	M	2.9	10	14
17/03/23	2023-03	M	2.68	10	14
17/03/23	2023-03	M	1.8	10	10
17/03/23	2023-03	F	3.32	10	14
17/03/23	2023-03	M	1.72	10	10
17/03/23	2023-03	M	4.24	11	16
17/03/23	2023-03	F	2.84	11	14
17/03/23	2023-03	M	2.8	11	13
17/03/23	2023-03	F	4.76	11	19
17/03/23	2023-03	F	3.66	11	17
17/03/23	2023-03	M	2.98	11	14
17/03/23	2023-03	M	2.64	11	11
17/03/23	2023-03	M	2.44	11	12
17/03/23	2023-03	F	3.34	11	15
17/03/23	2023-03	M	2.98	11	11
17/03/23	2023-03	M	2.34	11	11
17/03/23	2023-03	M	3.38	11	13
17/03/23	2023-03	F	2.94	11	15
17/03/23	2023-03	M	2.8	11	13
17/03/23	2023-03	M	2.86	11	12
17/03/23	2023-03	M	4.02	11	15
17/03/23	2023-03	M	3.86	11	14
17/03/23	2023-03	F	3.26	11	17
17/03/23	2023-03	F	3.76	11	19
17/03/23	2023-03	M	3.98	11	15
17/03/23	2023-03	F	2.72	11	14
17/03/23	2023-03	M	4.98	11	16
17/03/23	2023-03	F	3.66	11	16
06/04/23	2023-04	F	2.42	10	12
06/04/23	2023-04	M	3.32	10	13
06/04/23	2023-04	M	2.8	10	12
06/04/23	2023-04	F	2.12	10	11
06/04/23	2023-04	M	2.2	10	12
06/04/23	2023-04	F	2.5	10	13
06/04/23	2023-04	M	3.62	10	13
06/04/23	2023-04	M	2.18	10	11
06/04/23	2023-04	F	3.22	10	14
06/04/23	2023-04	F	2.56	10	13
06/04/23	2023-04	M	2.86	10	12
06/04/23	2023-04	M	2.24	10	11
06/04/23	2023-04	M	3.82	10	15
06/04/23	2023-04	M	3.52	11	13
06/04/23	2023-04	F	3.18	11	15
06/04/23	2023-04	F	3.22	11	15
06/04/23	2023-04	F	3.08	11	13
06/04/23	2023-04	F	4.94	11	17
06/04/23	2023-04	M	3.18	11	13
06/04/23	2023-04	M	3.3	11	11
06/04/23	2023-04	F	3.3	11	14
06/04/23	2023-04	M	3.94	11	14
06/04/23	2023-04	F	4.5	11	16
06/04/23	2023-04	F	4.46	11	14
06/04/23	2023-04	F	3.4	11	14
06/04/23	2023-04	F	2.94	11	12
06/04/23	2023-04	F	3.12	11	13
06/04/23	2023-04	M	3.74	11	12
06/04/23	2023-04	M	3.52	11	12
06/04/23	2023-04	F	3.8	11	13
06/04/23	2023-04	F	3.8	11	14
06/04/23	2023-04	F	3.44	11	14
06/04/23	2023-04	M	3.1	11	12
06/04/23	2023-04	M	3.86	11	13
06/04/23	2023-04	F	3.86	11	16
06/04/23	2023-04	M	3.48	11	13
06/04/23	2023-04	F	3	11	13
06/04/23	2023-04	F	3.86	11	16
06/04/23	2023-04	M	1.44	20	11
06/04/23	2023-04	M	2.02	20	10
06/04/23	2023-04	F	1.1	20	9
06/04/23	2023-04	F	1.96	20	11
06/04/23	2023-04	F	2.44	20	12
06/04/23	2023-04	F	1.36	20	9
06/04/23	2023-04	F	1.68	20	10
06/04/23	2023-04	F	2.2	20	13
06/04/23	2023-04	M	2.02	20	10
06/04/23	2023-04	F	2.12	20	10
06/04/23	2023-04	M	2.1	20	10
06/04/23	2023-04	F	1.68	20	10
06/04/23	2023-04	F	1.62	20	9
06/04/23	2023-04	F	1.42	20	9
06/04/23	2023-04	F	1.82	20	10
06/04/23	2023-04	F	2.36	20	12
06/04/23	2023-04	F	2.54	20	13
06/04/23	2023-04	M	2.22	20	10
06/04/23	2023-04	M	2.16	20	11
06/04/23	2023-04	F	1.92	20	11
06/04/23	2023-04	F	1.78	20	11
06/04/23	2023-04	M	1.74	20	10
06/04/23	2023-04	F	1.92	20	10
06/04/23	2023-04	F	1.76	20	11
06/04/23	2023-04	M	1.72	20	9
06/04/23	2023-04	F	2.24	20	10
06/04/23	2023-04	F	2.54	10	13
06/04/23	2023-04	M	2.42	10	12
06/04/23	2023-04	F	2.64	10	12
06/04/23	2023-04	M	2.44	10	12
06/04/23	2023-04	F	3	10	15
06/04/23	2023-04	F	2.56	10	14
06/04/23	2023-04	M	3.16	10	12
06/04/23	2023-04	M	3.14	10	13
06/04/23	2023-04	F	2.32	10	10
06/04/23	2023-04	M	2.56	10	11
06/04/23	2023-04	M	2.62	10	12
06/04/23	2023-04	M	2.56	10	11
19/04/23	2023-04	F	1.34	30	9
19/04/23	2023-04	F	0.92	30	8
19/04/23	2023-04	F	1.02	30	9
19/04/23	2023-04	M	0.8	30	9
19/04/23	2023-04	M	1.26	30	9
19/04/23	2023-04	M	1.86	20	11
19/04/23	2023-04	F	1.94	20	12
19/04/23	2023-04	F	1.96	20	11
19/04/23	2023-04	M	1.5	20	10
19/04/23	2023-04	M	1.72	20	10
19/04/23	2023-04	F	2.02	20	13
19/04/23	2023-04	M	1.64	20	11
19/04/23	2023-04	F	1.76	20	12
19/04/23	2023-04	M	1.94	20	10
19/04/23	2023-04	M	1.96	20	11
19/04/23	2023-04	F	1.3	20	10
19/04/23	2023-04	M	1.7	20	11
19/04/23	2023-04	F	1.68	20	11
19/04/23	2023-04	F	1.8	20	12
19/04/23	2023-04	M	1.64	20	11
19/04/23	2023-04	F	1.84	20	12
19/04/23	2023-04	M	1.62	20	11
19/04/23	2023-04	M	1.88	20	10
19/04/23	2023-04	M	1.82	20	12
19/04/23	2023-04	M	2.1	20	10
19/04/23	2023-04	F	1.94	20	11
19/04/23	2023-04	M	1.84	20	11
19/04/23	2023-04	F	1.72	20	12
19/04/23	2023-04	M	1.48	20	9
19/04/23	2023-04	M	2.02	10	9
19/04/23	2023-04	F	2.1	10	11
19/04/23	2023-04	F	2.06	10	12
19/04/23	2023-04	F	2.18	10	14
19/04/23	2023-04	F	2.6	10	14
19/04/23	2023-04	F	2.46	10	12
19/04/23	2023-04	F	1.92	10	11
19/04/23	2023-04	M	2.42	10	12
19/04/23	2023-04	F	2.12	10	12
19/04/23	2023-04	M	1.94	10	11
19/04/23	2023-04	M	2.3	10	11
19/04/23	2023-04	M	2.22	10	12
19/04/23	2023-04	F	2.14	10	14
19/04/23	2023-04	F	1.94	10	11
19/04/23	2023-04	M	2.5	10	11
19/04/23	2023-04	F	3.06	10	15
19/04/23	2023-04	F	1.94	10	12
19/04/23	2023-04	M	2.1	10	12
19/04/23	2023-04	F	2.66	10	13
19/04/23	2023-04	F	2.16	10	11
19/04/23	2023-04	M	2.14	10	11
19/04/23	2023-04	F	2.2	10	13
19/04/23	2023-04	F	2.46	10	11
19/04/23	2023-04	F	2.88	10	15
19/04/23	2023-04	M	2.28	10	11
19/04/23	2023-04	F	1.9	10	10
19/04/23	2023-04	F	2.48	10	12
19/04/23	2023-04	F	4.12	11	14
19/04/23	2023-04	M	3.12	11	12
19/04/23	2023-04	F	2.84	11	13
19/04/23	2023-04	M	2.64	11	12
19/04/23	2023-04	M	3.44	11	12
19/04/23	2023-04	M	2.84	11	12
19/04/23	2023-04	M	3.92	11	14
19/04/23	2023-04	F	3.9	11	10
19/04/23	2023-04	M	3.46	11	14
19/04/23	2023-04	M	3.48	11	13
19/04/23	2023-04	F	2.78	11	13
19/04/23	2023-04	M	3.56	11	13
19/04/23	2023-04	M	2.98	11	13
19/04/23	2023-04	M	3.84	11	14
19/04/23	2023-04	M	3.02	11	11
19/04/23	2023-04	F	3.76	11	15
19/04/23	2023-04	M	2.96	11	11
19/04/23	2023-04	M	2.8	11	11
19/04/23	2023-04	F	3.22	11	13
19/04/23	2023-04	F	3.04	11	13
19/04/23	2023-04	F	3.06	11	13
19/04/23	2023-04	F	2.82	11	13
19/04/23	2023-04	M	3.82	11	14
19/04/23	2023-04	M	3.88	11	14
19/04/23	2023-04	M	3.98	11	14
19/04/23	2023-04	F	3.9	11	15
05/05/23	2023-05	M	1.44	20	13
05/05/23	2023-05	M	1.4	20	11
05/05/23	2023-05	M	1.09	20	9
05/05/23	2023-05	M	1.62	20	12
05/05/23	2023-05	M	1.8	20	10
05/05/23	2023-05	M	1.4	20	10
05/05/23	2023-05	M	1.3	20	9
05/05/23	2023-05	F	1.4	20	12
05/05/23	2023-05	F	1.12	20	9
05/05/23	2023-05	M	1.3	20	9
05/05/23	2023-05	F	1.2	20	10
05/05/23	2023-05	M	1.42	20	11
05/05/23	2023-05	M	0.78	20	8
05/05/23	2023-05	F	2.04	20	13
05/05/23	2023-05	F	1.56	20	12
05/05/23	2023-05	F	1.64	20	12
05/05/23	2023-05	F	1.82	20	12
05/05/23	2023-05	M	4.5	11	15
05/05/23	2023-05	M	3.12	11	13
05/05/23	2023-05	F	2.16	11	12
05/05/23	2023-05	M	2.66	11	12
05/05/23	2023-05	F	3.16	11	15
05/05/23	2023-05	M	3.38	11	13
05/05/23	2023-05	M	3	11	13
05/05/23	2023-05	F	3.36	11	15
05/05/23	2023-05	F	2.82	11	14
05/05/23	2023-05	F	2.54	11	14
05/05/23	2023-05	M	3.46	11	12
05/05/23	2023-05	F	3.16	11	15
05/05/23	2023-05	F	2.6	11	13
05/05/23	2023-05	F	3.26	11	16
05/05/23	2023-05	F	3.34	11	14
05/05/23	2023-05	F	3.16	11	13
05/05/23	2023-05	M	2.94	11	14
05/05/23	2023-05	F	2.82	11	13
05/05/23	2023-05	F	2.48	11	13
05/05/23	2023-05	M	2.96	11	13
05/05/23	2023-05	M	3.64	11	12
05/05/23	2023-05	F	2.64	11	14
05/05/23	2023-05	M	3.62	11	15
05/05/23	2023-05	F	4.68	11	17
05/05/23	2023-05	M	3.66	11	14
05/05/23	2023-05	F	1.96	10	12
05/05/23	2023-05	F	2.32	10	13
05/05/23	2023-05	M	2.82	10	12
05/05/23	2023-05	M	2.08	10	11
05/05/23	2023-05	M	2.54	10	11
05/05/23	2023-05	M	3.06	10	11
05/05/23	2023-05	F	1.94	10	12
05/05/23	2023-05	F	2.22	10	14
05/05/23	2023-05	F	1.86	10	11
05/05/23	2023-05	M	2.68	10	12
05/05/23	2023-05	M	2.84	10	13
05/05/23	2023-05	F	2	10	13
05/05/23	2023-05	F	2.64	10	14
05/05/23	2023-05	M	1.63	10	10
05/05/23	2023-05	F	1.98	10	13
05/05/23	2023-05	M	2	10	10
05/05/23	2023-05	M	2.12	10	11
05/05/23	2023-05	M	1.81	10	11
05/05/23	2023-05	F	1.92	10	14
05/05/23	2023-05	F	2.02	10	12
05/05/23	2023-05	M	2.4	10	11
05/05/23	2023-05	F	1.96	10	11
05/05/23	2023-05	F	2.12	10	13
05/05/23	2023-05	M	1.7	10	11
05/05/23	2023-05	M	2.02	10	11
05/05/23	2023-05	F	2.16	10	13
05/05/23	2023-05	M	1.24	20	10
05/05/23	2023-05	M	1	20	10
05/05/23	2023-05	F	1.16	20	10
05/05/23	2023-05	F	1.06	20	10
05/05/23	2023-05	M	0.94	20	8
05/05/23	2023-05	F	1.46	20	11
05/05/23	2023-05	M	1.86	20	10
05/05/23	2023-05	M	1.14	20	10
05/05/23	2023-05	M	1.46	20	11
05/05/23	2023-05	F	1.64	20	12
05/05/23	2023-05	M	0.88	20	8
05/05/23	2023-05	F	0.9	20	9
05/05/23	2023-05	F	0.82	30	8
05/05/23	2023-05	M	0.9	30	8
05/05/23	2023-05	M	0.78	30	8
05/05/23	2023-05	M	0.94	30	8
05/05/23	2023-05	F	0.94	30	10
05/05/23	2023-05	M	0.62	30	7
05/05/23	2023-05	M	0.8	30	8
05/05/23	2023-05	F	1.3	30	10
05/05/23	2023-05	M	1.14	30	9
05/05/23	2023-05	F	1.2	30	9
05/05/23	2023-05	F	1.26	30	10
05/05/23	2023-05	F	1.36	30	11
05/05/23	2023-05	F	1.36	30	10
05/05/23	2023-05	M	3.2	11	15
05/05/23	2023-05	M	3.4	11	16
05/05/23	2023-05	M	3.4	11	16
05/05/23	2023-05	M	3.3	11	12
05/05/23	2023-05	M	3.48	11	14
05/05/23	2023-05	M	3.24	11	13
05/05/23	2023-05	M	3.54	11	14
05/05/23	2023-05	M	3.32	11	16
05/05/23	2023-05	F	4.34	11	20
05/05/23	2023-05	F	3.22	11	17
05/05/23	2023-05	M	3.78	11	15
05/05/23	2023-05	M	2.74	11	13
05/05/23	2023-05	M	4.06	11	15
05/05/23	2023-05	M	3.68	11	12
05/05/23	2023-05	M	3.68	11	12
05/05/23	2023-05	F	1.44	30	11
05/05/23	2023-05	M	1.42	30	10
05/05/23	2023-05	M	1.18	30	8
05/05/23	2023-05	F	1.34	30	12
05/05/23	2023-05	M	1.08	30	9
05/05/23	2023-05	M	1.4	30	10
05/05/23	2023-05	M	1.3	30	10
05/05/23	2023-05	M	1.5	30	11
05/05/23	2023-05	M	1.28	30	9
05/05/23	2023-05	M	1.14	30	10
05/05/23	2023-05	M	1	30	9
05/05/23	2023-05	M	1.36	30	10
05/05/23	2023-05	M	1.4	30	10
05/05/23	2023-05	M	1.02	30	10
05/05/23	2023-05	M	1.32	30	10
05/05/23	2023-05	F	1.52	20	10
05/05/23	2023-05	M	1.84	20	11
05/05/23	2023-05	F	2.1	20	12
05/05/23	2023-05	M	2.04	20	11
05/05/23	2023-05	M	1.38	20	9
05/05/23	2023-05	M	1.62	20	10
05/05/23	2023-05	M	1.76	20	10
05/05/23	2023-05	M	2.02	20	11
05/05/23	2023-05	F	2.42	20	12
05/05/23	2023-05	F	1.9	20	12
05/05/23	2023-05	M	1.64	20	9
05/05/23	2023-05	M	1.74	20	9
05/05/23	2023-05	M	2.02	20	10
05/05/23	2023-05	M	1.52	20	9
05/05/23	2023-05	M	1.64	20	10
05/05/23	2023-05	M	2.18	10	11
05/05/23	2023-05	M	2.6	10	12
05/05/23	2023-05	M	3.06	10	13
05/05/23	2023-05	F	2.5	10	13
05/05/23	2023-05	F	2.24	10	12
05/05/23	2023-05	F	2.58	10	12
05/05/23	2023-05		2.84	10	12
05/05/23	2023-05	F	2.4	10	15
05/05/23	2023-05	M	2.82	10	13
05/05/23	2023-05		2.6	10	15
05/05/23	2023-05	F	2.5	10	15
05/05/23	2023-05	M	2.66	10	14
05/05/23	2023-05	M	2.08	10	12
05/05/23	2023-05	M	2.6	10	12
05/05/23	2023-05	M	2.72	10	11
05/05/23	2023-05	F	2.24	10	14
05/05/23	2023-05	M	2.62	10	15
09/06/23	2023-06	M	1.24	20	10
09/06/23	2023-06	M	1.66	20	10
09/06/23	2023-06	M	1.96	20	10
09/06/23	2023-06	M	1.52	20	10
09/06/23	2023-06	F	1.54	20	12
09/06/23	2023-06	M	2.28	20	13
09/06/23	2023-06	M	1.64	20	9
09/06/23	2023-06	M	1.88	20	11
09/06/23	2023-06	M	1.98	20	10
09/06/23	2023-06	M	1.72	20	10
09/06/23	2023-06	M	1.74	20	11
09/06/23	2023-06	M	1.8	20	11
09/06/23	2023-06	M	3	10	11
09/06/23	2023-06	M	3.64	10	13
09/06/23	2023-06	F	2.36	10	13
09/06/23	2023-06	M	2.5	10	11
09/06/23	2023-06	M	2.44	10	11
09/06/23	2023-06	M	2.2	10	11
09/06/23	2023-06	F	2.64	10	14
09/06/23	2023-06	M	2.68	10	12
09/06/23	2023-06	M	2.56	10	11
09/06/23	2023-06	M	2.52	10	11
09/06/23	2023-06	F	2.94	10	16
09/06/23	2023-06	M	2.72	10	12
09/06/23	2023-06	F	2.4	10	12
09/06/23	2023-06	M	2.9	10	14
09/06/23	2023-06	M	2.7	10	12
09/06/23	2023-06	F	3	10	15
09/06/23	2023-06	F	2.54	10	14
09/06/23	2023-06	M	3.16	10	13
09/06/23	2023-06	M	2.62	10	11
09/06/23	2023-06	M	2.7	10	12
09/06/23	2023-06	M	2.36	10	10
09/06/23	2023-06	M	2.3	10	14
09/06/23	2023-06	M	1.88	10	11
09/06/23	2023-06	M	0.96	30	7
09/06/23	2023-06	M	1.04	30	9
09/06/23	2023-06	M	1.3	30	9
09/06/23	2023-06	M	1.12	30	9
09/06/23	2023-06	M	0.94	30	9
09/06/23	2023-06	M	1.18	30	8
09/06/23	2023-06	M	1.18	30	8
09/06/23	2023-06	M	1.26	30	9
09/06/23	2023-06	M	1.06	30	9
09/06/23	2023-06	M	1.3	30	9
09/06/23	2023-06	M	1.04	30	8
09/06/23	2023-06	M	1.32	30	10
09/06/23	2023-06	F	1.08	30	9
09/06/23	2023-06	M	1.92	20	10
09/06/23	2023-06	M	2.06	20	11
09/06/23	2023-06	M	1.5	20	10
09/06/23	2023-06	M	1.54	20	10
09/06/23	2023-06	M	1.64	20	10
09/06/23	2023-06	M	2.06	20	11
09/06/23	2023-06	F	1.8	20	11
09/06/23	2023-06	M	2.02	20	11
09/06/23	2023-06	M	1.7	20	11
09/06/23	2023-06	M	1.86	20	10
09/06/23	2023-06	F	2.08	20	12
09/06/23	2023-06	M	2.02	20	12
09/06/23	2023-06	M	2.3	20	12
09/06/23	2023-06	M	0.66	30	7
09/06/23	2023-06	M	0.94	30	8
09/06/23	2023-06	M	0.76	30	8
09/06/23	2023-06	M	1.22	30	9
09/06/23	2023-06	M	0.88	30	8
09/06/23	2023-06	M	0.74	30	8
09/06/23	2023-06	M	1.12	30	8
09/06/23	2023-06	M	1.04	30	8
09/06/23	2023-06	M	0.76	30	9
09/06/23	2023-06	F	0.74	30	7
09/06/23	2023-06	M	0.92	30	7
09/06/23	2023-06	M	1.12	30	9
09/06/23	2023-06	M	4.1	11	15
09/06/23	2023-06	M	4.36	11	14
09/06/23	2023-06	M	3.42	11	11
09/06/23	2023-06	M	3.36	11	13
09/06/23	2023-06	M	3.04	11	12
09/06/23	2023-06	M	3.18	11	14
09/06/23	2023-06	M	2.88	11	12
09/06/23	2023-06	M	3.02	11	13
09/06/23	2023-06	M	2.78	11	11
09/06/23	2023-06	M	2.46	11	13
09/06/23	2023-06	M	3.14	11	13
09/06/23	2023-06	M	2.26	11	11
09/06/23	2023-06	M	2.96	11	12
09/06/23	2023-06	F	3.18	11	16
09/06/23	2023-06	M	2.54	11	11
09/06/23	2023-06	M	2.72	11	11
09/06/23	2023-06	M	3.76	11	13
09/06/23	2023-06	M	2.78	11	12
09/06/23	2023-06	M	3.52	11	12
09/06/23	2023-06	M	3.44	11	12
09/06/23	2023-06	M	5	11	14
09/06/23	2023-06	M	3.8	11	12
09/06/23	2023-06	M	4.38	11	12
09/06/23	2023-06	M	2.96	11	12
09/06/23	2023-06	M	4.2	11	14
09/06/23	2023-06	M	3.22	11	13
22/06/23	2023-06	M	0.74	30	8
22/06/23	2023-06	M	0.86	30	8
22/06/23	2023-06	M	0.94	30	9
22/06/23	2023-06	F	0.88	30	8
22/06/23	2023-06	F	0.82	30	8
22/06/23	2023-06	M	0.66	30	8
22/06/23	2023-06	M	0.74	30	7
22/06/23	2023-06	F	0.76	30	7
22/06/23	2023-06	M	3.64	11	16
22/06/23	2023-06	M	2.4	11	12
22/06/23	2023-06	M	3.54	11	14
22/06/23	2023-06	M	3.02	11	13
22/06/23	2023-06	M	2.86	11	12
22/06/23	2023-06	F	2.52	11	14
22/06/23	2023-06	M	4.26	11	17
22/06/23	2023-06	M	2.62	11	13
22/06/23	2023-06	M	2.82	11	13
22/06/23	2023-06	M	3.12	11	12
22/06/23	2023-06	M	3.06	11	13
22/06/23	2023-06	M	3.3	11	15
22/06/23	2023-06	M	2.82	11	12
22/06/23	2023-06	M	2.72	11	11
22/06/23	2023-06	M	2.84	11	12
22/06/23	2023-06	M	2.3	11	10
22/06/23	2023-06	M	3.38	11	12
22/06/23	2023-06	M	3.9	11	16
22/06/23	2023-06	M	3.62	11	15
22/06/23	2023-06	M	3.32	11	13
22/06/23	2023-06	M	3.26	11	13
22/06/23	2023-06	M	4.08	11	14
22/06/23	2023-06	M	6.44	11	20
22/06/23	2023-06	M	4.46	11	14
22/06/23	2023-06	M	2.98	11	12
22/06/23	2023-06	M	1.32	20	9
22/06/23	2023-06	M	1.2	20	9
22/06/23	2023-06	M	1.3	20	10
22/06/23	2023-06	M	1.48	20	10
22/06/23	2023-06	M	1.5	20	11
22/06/23	2023-06	M	1.56	20	10
22/06/23	2023-06	M	1.74	20	10
22/06/23	2023-06	M	1.32	20	10
22/06/23	2023-06	M	1.38	20	11
22/06/23	2023-06	M	0.88	20	9
22/06/23	2023-06	F	0.9	20	9
22/06/23	2023-06	M	1.4	20	10
22/06/23	2023-06	M	0.78	20	9
22/06/23	2023-06	M	0.92	20	10
22/06/23	2023-06	M	1.28	20	10
22/06/23	2023-06	M	1.68	20	11
22/06/23	2023-06	M	1.78	20	10
22/06/23	2023-06	M	1.04	20	8
22/06/23	2023-06	F	1.48	20	10
22/06/23	2023-06	F	1.68	20	10
22/06/23	2023-06	F	1.72	20	10
22/06/23	2023-06	F	0.92	20	9
22/06/23	2023-06	M	1.1	20	9
22/06/23	2023-06	M	1.36	20	9
22/06/23	2023-06	F	0.64	20	8
22/06/23	2023-06	M	2.08	10	11
22/06/23	2023-06	M	2.04	10	10
22/06/23	2023-06	M	2.3	10	12
22/06/23	2023-06	F	1.8	10	10
22/06/23	2023-06	M	2.08	10	12
22/06/23	2023-06	M	1.82	10	9
22/06/23	2023-06	M	1.96	10	10
22/06/23	2023-06	M	1.94	10	11
22/06/23	2023-06	M	1.8	10	11
22/06/23	2023-06	M	1.98	10	11
22/06/23	2023-06	M	2.16	10	12
22/06/23	2023-06	M	1.82	10	11
22/06/23	2023-06	M	2.34	10	12
22/06/23	2023-06	M	1.78	10	11
22/06/23	2023-06	M	2.5	10	13
22/06/23	2023-06	F	1.98	10	14
22/06/23	2023-06	M	1.88	10	10
22/06/23	2023-06	M	1.4	10	9
22/06/23	2023-06	M	1.78	10	10
22/06/23	2023-06	M	1.56	10	10
22/06/23	2023-06	M	2.14	10	11
22/06/23	2023-06	M	1.84	10	11
22/06/23	2023-06	F	2.2	10	14
22/06/23	2023-06	M	1.66	10	11
22/06/23	2023-06	M	1.54	10	11
06/07/23	2023-07	M	1.1	30	10
06/07/23	2023-07	M	1	30	9
06/07/23	2023-07	M	1.02	30	9
06/07/23	2023-07	F	1.34	30	10
06/07/23	2023-07	F	1.24	30	10
06/07/23	2023-07	M	1.22	30	9
06/07/23	2023-07	F	0.86	30	8
06/07/23	2023-07	M	1.1	30	10
06/07/23	2023-07	F	1.1	30	10
06/07/23	2023-07	M	0.72	30	9
06/07/23	2023-07	M	0.7	30	8
06/07/23	2023-07	M	0.92	30	9
06/07/23	2023-07	F	0.84	30	9
06/07/23	2023-07	M	0.88	30	9
06/07/23	2023-07	F	0.72	30	8
06/07/23	2023-07	F	0.88	30	8
06/07/23	2023-07	M	1.58	20	11
06/07/23	2023-07	F	1.3	20	10
06/07/23	2023-07	M	1.8	20	11
06/07/23	2023-07	M	1.98	20	12
06/07/23	2023-07	M	1.2	20	9
06/07/23	2023-07	M	1.56	20	11
06/07/23	2023-07	M	1.3	20	10
06/07/23	2023-07	M	1.8	20	10
06/07/23	2023-07	F	1.64	20	11
06/07/23	2023-07	M	2.02	20	12
06/07/23	2023-07	M	2.18	20	12
06/07/23	2023-07	M	1.92	20	11
06/07/23	2023-07	M	1.88	20	11
06/07/23	2023-07	M	1.72	20	11
06/07/23	2023-07	F	1.76	20	11
06/07/23	2023-07	M	1.72	20	12
06/07/23	2023-07	M	1.56	20	10
06/07/23	2023-07	F	1.38	20	9
06/07/23	2023-07	M	1.3	20	9
06/07/23	2023-07	M	1.88	20	11
06/07/23	2023-07	M	1.46	20	11
06/07/23	2023-07	M	2.3	20	11
06/07/23	2023-07	F	1.46	20	9
06/07/23	2023-07	M	1.5	20	11
06/07/23	2023-07	M	1.82	20	11
06/07/23	2023-07	F	1.86	20	11
06/07/23	2023-07	F	2.6	10	15
06/07/23	2023-07	M	2.52	10	12
06/07/23	2023-07	F	2	10	12
06/07/23	2023-07	M	1.88	10	11
06/07/23	2023-07	M	2.24	10	12
06/07/23	2023-07	M	2.36	10	12
06/07/23	2023-07	M	2.74	10	12
06/07/23	2023-07	M	1.4	10	9
06/07/23	2023-07	M	2.62	10	11
06/07/23	2023-07	M	1.38	10	9
06/07/23	2023-07	M	1.54	10	9
06/07/23	2023-07	M	1.72	10	10
06/07/23	2023-07	M	2.26	10	12
06/07/23	2023-07	M	2.16	10	12
06/07/23	2023-07	M	2.36	10	13
06/07/23	2023-07	M	2.02	10	12
06/07/23	2023-07	M	1.96	10	10
06/07/23	2023-07	M	2.12	10	12
06/07/23	2023-07	M	2.68	10	12
06/07/23	2023-07	M	2.14	10	11
06/07/23	2023-07	M	2.18	10	12
06/07/23	2023-07	M	2.52	10	12
06/07/23	2023-07	M	2.14	10	11
06/07/23	2023-07	M	2.04	10	12
06/07/23	2023-07	M	3.3	11	13
06/07/23	2023-07	F	3.16	11	13
06/07/23	2023-07	F	2.86	11	13
06/07/23	2023-07	F	3.5	11	14
06/07/23	2023-07	M	3.08	11	14
06/07/23	2023-07	F	3.46	11	14
06/07/23	2023-07	M	2.92	11	13
06/07/23	2023-07	M	2.28	10	12
06/07/23	2023-07	M	2.4	10	11
06/07/23	2023-07	F	2.58	10	12
06/07/23	2023-07	F	2.16	10	12
19/07/23	2023-07	F	0.94	30	10
19/07/23	2023-07	F	0.76	30	8
19/07/23	2023-07	F	0.74	30	9
19/07/23	2023-07	M	0.9	30	9
19/07/23	2023-07	M	0.96	30	10
19/07/23	2023-07	M	0.78	30	9
19/07/23	2023-07	M	0.88	30	9
19/07/23	2023-07	F	0.96	30	9
19/07/23	2023-07	M	0.78	30	9
19/07/23	2023-07	M	0.86	30	9
19/07/23	2023-07	F	0.92	30	10
19/07/23	2023-07	F	0.78	30	8
19/07/23	2023-07	F	0.72	30	9
19/07/23	2023-07	F	0.9	30	8
19/07/23	2023-07	F	0.94	30	9
19/07/23	2023-07	F	0.84	30	9
19/07/23	2023-07	M	0.78	30	7
19/07/23	2023-07	M	0.68	30	8
19/07/23	2023-07	M	0.8	30	8
19/07/23	2023-07	F	0.94	30	8
19/07/23	2023-07	M	0.72	30	8
19/07/23	2023-07	M	0.74	30	9
19/07/23	2023-07	F	0.78	30	8
19/07/23	2023-07	M	0.92	30	10
19/07/23	2023-07	M	0.82	30	8
19/07/23	2023-07	F	2.98	11	14
19/07/23	2023-07	F	3.08	11	14
19/07/23	2023-07	F	2.9	11	15
19/07/23	2023-07	F	3.1	11	15
19/07/23	2023-07	F	2.94	11	14
19/07/23	2023-07	M	3.62	11	15
19/07/23	2023-07	F	2.92	11	14
19/07/23	2023-07	M	2.92	11	14
19/07/23	2023-07	F	3.16	11	15
19/07/23	2023-07	M	1.94	20	11
19/07/23	2023-07	M	1.3	20	9
19/07/23	2023-07	F	1.14	20	9
19/07/23	2023-07	M	1.3	20	10
19/07/23	2023-07	M	1.2	20	10
19/07/23	2023-07	F	0.98	20	10
19/07/23	2023-07	M	1.22	20	10
19/07/23	2023-07	F	0.98	20	10
19/07/23	2023-07	M	1	20	9
19/07/23	2023-07	M	1.32	20	10
19/07/23	2023-07	M	1	20	9
19/07/23	2023-07	M	1	20	9
19/07/23	2023-07	F	1.58	20	11
19/07/23	2023-07	M	1.02	20	10
19/07/23	2023-07	F	1.22	20	10
19/07/23	2023-07	F	1.52	20	11
19/07/23	2023-07	F	1.08	20	9
19/07/23	2023-07	F	1.36	20	10
19/07/23	2023-07	F	1.18	20	10
19/07/23	2023-07	M	1.22	20	9
19/07/23	2023-07	F	1.38	20	10
19/07/23	2023-07	M	1.28	20	10
19/07/23	2023-07	M	1.48	20	11
19/07/23	2023-07	M	1.86	20	12
19/07/23	2023-07	F	1.7	20	12
19/07/23	2023-07	F	2.4	10	15
19/07/23	2023-07	F	3.02	10	15
19/07/23	2023-07	F	2.06	10	12
19/07/23	2023-07	F	2.6	10	12
19/07/23	2023-07	F	2.18	10	12
19/07/23	2023-07	M	2.02	10	13
19/07/23	2023-07	F	2.44	10	15
19/07/23	2023-07	M	2.44	10	12
19/07/23	2023-07	F	2.06	10	13
19/07/23	2023-07	M	2.24	10	12
19/07/23	2023-07	M	2.24	10	13
19/07/23	2023-07	F	2.06	10	13
19/07/23	2023-07	M	2.16	10	14
19/07/23	2023-07	M	1.92	10	13
19/07/23	2023-07	M	2.1	10	12
19/07/23	2023-07	M	2.64	10	12
19/07/23	2023-07	M	1.6	10	12
19/07/23	2023-07	F	1.9	10	12
19/07/23	2023-07	M	1.9	10	12
19/07/23	2023-07	F	1.54	10	10
19/07/23	2023-07	M	1.76	10	11
19/07/23	2023-07	F	1.86	10	11
19/07/23	2023-07	M	2.36	10	13
19/07/23	2023-07	F	1.68	10	11
19/07/23	2023-07	F	2.04	10	11
01/08/23	2023-08	F	3.06	11	13
01/08/23	2023-08	M	3.06	11	12
01/08/23	2023-08	M	2.72	11	11
01/08/23	2023-08	M	2.04	11	11
01/08/23	2023-08	M	2.34	10	12
01/08/23	2023-08	F	2.5	10	12
01/08/23	2023-08	M	2.6	10	13
01/08/23	2023-08	F	2.5	10	12
01/08/23	2023-08	F	1.84	20	11
01/08/23	2023-08	F	1.8	20	12
01/08/23	2023-08	M	1.62	20	10
01/08/23	2023-08	M	1.5	20	10
01/08/23	2023-08	M	1	30	9
01/08/23	2023-08	F	0.82	30	8
01/08/23	2023-08	F	0.68	30	7
01/08/23	2023-08	M	0.94	30	9
01/08/23	2023-08	M	1.14	30	10
01/08/23	2023-08	F	0.96	30	9
01/08/23	2023-08	M	1.14	30	10
01/08/23	2023-08	F	0.96	30	9
01/08/23	2023-08	M	1.32	30	10
01/08/23	2023-08	F	1.16	30	10
01/08/23	2023-08	F	1.04	30	9
01/08/23	2023-08	F	0.76	30	7
01/08/23	2023-08	F	1.22	30	10
01/08/23	2023-08	M	1.12	30	10
01/08/23	2023-08	F	0.6	30	8
01/08/23	2023-08	M	0.88	30	9
01/08/23	2023-08	M	1.06	30	9
01/08/23	2023-08	F	0.68	30	8
01/08/23	2023-08	F	0.88	30	8
01/08/23	2023-08	F	1	30	9
01/08/23	2023-08	F	0.86	30	8
01/08/23	2023-08	M	1.32	30	10
01/08/23	2023-08	M	0.48	30	7
01/08/23	2023-08	F	0.76	30	7
01/08/23	2023-08	M	0.76	30	7
01/08/23	2023-08	M	1.76	20	11
01/08/23	2023-08	M	1.18	20	10
01/08/23	2023-08	M	1.06	20	9
01/08/23	2023-08	F	1.16	20	9
01/08/23	2023-08	M	1.3	20	9
01/08/23	2023-08	M	1.92	20	11
01/08/23	2023-08	M	1.6	20	11
01/08/23	2023-08	M	1.8	20	11
01/08/23	2023-08	M	1.62	20	11
01/08/23	2023-08	M	1.3	20	9
01/08/23	2023-08	F	1.22	20	9
01/08/23	2023-08	M	1.22	20	9
01/08/23	2023-08	M	0.98	20	8
01/08/23	2023-08	F	1.52	20	11
01/08/23	2023-08	M	1.58	20	11
01/08/23	2023-08	M	1.52	20	10
01/08/23	2023-08	F	1.72	20	10
01/08/23	2023-08	F	1.5	20	11
01/08/23	2023-08	M	1.38	20	10
01/08/23	2023-08	M	1.86	20	11
01/08/23	2023-08	M	1.2	20	8
01/08/23	2023-08	M	1.98	10	11
01/08/23	2023-08	F	2.32	10	11
01/08/23	2023-08	F	2.54	10	13
01/08/23	2023-08	M	2.46	10	11
01/08/23	2023-08	M	2.02	10	10
01/08/23	2023-08	F	2.34	10	12
01/08/23	2023-08	F	1.98	10	11
01/08/23	2023-08	F	1.94	10	10
01/08/23	2023-08	F	2.7	10	12
01/08/23	2023-08	M	2.06	10	12
01/08/23	2023-08	F	2.2	10	11
01/08/23	2023-08	M	1.98	10	12
01/08/23	2023-08	M	2.08	10	11
01/08/23	2023-08	M	2.46	10	10
01/08/23	2023-08	F	1.88	10	10
01/08/23	2023-08	M	2.54	10	11
01/08/23	2023-08	F	2.12	10	10
01/08/23	2023-08	M	2.02	10	11
01/08/23	2023-08	M	2	10	10
01/08/23	2023-08	M	2.12	10	11
01/08/23	2023-08	M	1.98	10	9
22/08/23	2023-08	F	3.02	11	14
22/08/23	2023-08	M	3.2	11	13
22/08/23	2023-08	M	0.8	30	9
22/08/23	2023-08	F	0.84	30	8
22/08/23	2023-08	F	0.82	30	8
22/08/23	2023-08	F	0.68	30	8
22/08/23	2023-08	M	0.64	30	8
22/08/23	2023-08	F	0.82	30	8
22/08/23	2023-08	F	0.82	30	8
22/08/23	2023-08	M	0.86	30	8
22/08/23	2023-08	F	0.74	30	8
22/08/23	2023-08	M	0.84	30	8
22/08/23	2023-08	F	0.58	30	7
22/08/23	2023-08	M	0.8	30	9
22/08/23	2023-08	M	0.66	30	7
22/08/23	2023-08	M	0.92	30	10
22/08/23	2023-08	F	0.9	30	8
22/08/23	2023-08	F	0.84	30	7
22/08/23	2023-08	F	0.5	30	6
22/08/23	2023-08	F	0.78	30	7
22/08/23	2023-08	M	0.74	30	7
22/08/23	2023-08	M	0.86	30	8
22/08/23	2023-08	F	0.88	30	8
22/08/23	2023-08	F	0.78	30	8
22/08/23	2023-08	F	0.82	30	7
22/08/23	2023-08	M	0.46	30	6
22/08/23	2023-08	M	0.88	30	8
22/08/23	2023-08	M	1.62	20	9
22/08/23	2023-08	F	1.7	20	10
22/08/23	2023-08	F	1.3	20	8
22/08/23	2023-08	F	1.36	20	9
22/08/23	2023-08	F	1.72	20	10
22/08/23	2023-08	M	1.2	20	8
22/08/23	2023-08	M	1.12	20	9
22/08/23	2023-08	F	1.24	20	8
22/08/23	2023-08	F	1	20	8
22/08/23	2023-08	M	1.1	20	9
22/08/23	2023-08	M	1.24	20	9
22/08/23	2023-08	M	1.4	20	10
22/08/23	2023-08	M	1.8	20	11
22/08/23	2023-08	F	1.34	20	10
22/08/23	2023-08	M	1.46	20	9
22/08/23	2023-08	M	1.74	20	11
22/08/23	2023-08	M	1.4	20	10
22/08/23	2023-08	M	1.28	20	9
22/08/23	2023-08	M	1.46	20	8
22/08/23	2023-08	M	1.74	20	12
22/08/23	2023-08	M	1.18	20	9
22/08/23	2023-08	M	1.18	20	9
22/08/23	2023-08	F	1.02	20	8
22/08/23	2023-08	F	1.28	20	8
22/08/23	2023-08	F	1.8	20	10
22/08/23	2023-08	F	2.62	10	12
22/08/23	2023-08	M	1.72	10	9
22/08/23	2023-08	M	1.82	10	11
22/08/23	2023-08	M	1.36	10	10
22/08/23	2023-08	M	1.96	10	10
22/08/23	2023-08	M	1.86	10	11
22/08/23	2023-08	M	2.36	10	13
22/08/23	2023-08	M	2.02	10	11
22/08/23	2023-08	M	2.18	10	3
22/08/23	2023-08	F	2.42	10	12
22/08/23	2023-08	M	1.72	10	12
22/08/23	2023-08	M	1.46	10	10
22/08/23	2023-08	M	1.92	10	12
22/08/23	2023-08	F	2.06	10	11
22/08/23	2023-08	M	2.12	10	11
22/08/23	2023-08	M	2.08	10	11
22/08/23	2023-08	M	2.26	10	12
22/08/23	2023-08	M	1.82	10	10
22/08/23	2023-08	F	2.04	10	10
22/08/23	2023-08	F	1.7	10	10
22/08/23	2023-08	F	2.42	10	12
22/08/23	2023-08	F	2	10	10
22/08/23	2023-08	M	1.91	10	11
22/08/23	2023-08	F	2.5	10	13
22/08/23	2023-08	F	2.3	10	11
08/09/23	2023-09	F	0.62	20	7
08/09/23	2023-09	M	1.16	20	8
08/09/23	2023-09	F	1.62	20	11
08/09/23	2023-09	F	1.22	20	9
08/09/23	2023-09	F	1.52	20	10
08/09/23	2023-09	F	0.96	20	10
08/09/23	2023-09	M	1.06	20	10
08/09/23	2023-09	M	1.26	20	10
08/09/23	2023-09	F	1.1	20	11
08/09/23	2023-09	F	0.84	20	9
08/09/23	2023-09	M	0.98	20	9
08/09/23	2023-09	M	1.3	20	10
08/09/23	2023-09	F	1.12	20	9
08/09/23	2023-09	M	1.76	20	13
08/09/23	2023-09	M	1.04	20	10
08/09/23	2023-09	M	1.36	20	9
08/09/23	2023-09	M	0.86	20	10
08/09/23	2023-09	M	1.18	20	10
08/09/23	2023-09	F	1.34	20	11
08/09/23	2023-09	F	0.82	20	9
08/09/23	2023-09	M	1.1	20	9
08/09/23	2023-09	F	1.12	20	9
08/09/23	2023-09	F	1.18	20	10
08/09/23	2023-09	M	0.96	20	9
08/09/23	2023-09	F	0.86	20	9
08/09/23	2023-09	F	0.66	30	7
08/09/23	2023-09	M	0.7	30	8
08/09/23	2023-09	F	0.74	30	7
08/09/23	2023-09	M	0.66	30	9
08/09/23	2023-09	F	0.76	30	9
08/09/23	2023-09	M	0.82	30	9
08/09/23	2023-09	M	0.68	30	7
08/09/23	2023-09	M	0.6	30	7
08/09/23	2023-09	M	0.72	30	9
08/09/23	2023-09	M	0.8	30	8
08/09/23	2023-09	M	0.8	30	8
08/09/23	2023-09	M	0.74	30	9
08/09/23	2023-09	F	0.68	30	9
08/09/23	2023-09	F	0.7	30	7
08/09/23	2023-09	M	0.64	30	7
08/09/23	2023-09	M	0.6	30	7
08/09/23	2023-09	M	0.74	30	9
08/09/23	2023-09	F	0.74	30	10
08/09/23	2023-09	M	0.68	30	7
08/09/23	2023-09	F	0.88	30	9
08/09/23	2023-09	M	0.86	30	8
08/09/23	2023-09	M	0.88	30	9
08/09/23	2023-09	M	0.76	30	9
08/09/23	2023-09	M	1	30	9
08/09/23	2023-09	M	1.76	20	13
08/09/23	2023-09	M	1.36	20	9
08/09/23	2023-09	M	0.86	20	10
08/09/23	2023-09	F	1.34	20	11
08/09/23	2023-09	M	1.1	20	9
08/09/23	2023-09	F	2.34	10	12
08/09/23	2023-09	F	1	10	10
08/09/23	2023-09	M	2.48	10	13
08/09/23	2023-09	F	1.86	10	11
08/09/23	2023-09	F	2.22	10	11
08/09/23	2023-09	M	1.8	10	11
08/09/23	2023-09	M	2.24	10	11
08/09/23	2023-09	M	2.8	10	11
08/09/23	2023-09	F	2.34	10	11
08/09/23	2023-09	F	2.24	10	12
08/09/23	2023-09	M	2.12	10	10
08/09/23	2023-09	F	1.18	10	11
08/09/23	2023-09	F	2	10	12
08/09/23	2023-09	M	2.1	10	14
08/09/23	2023-09	F	2.4	10	11
08/09/23	2023-09	F	2.5	10	12
08/09/23	2023-09	M	2.14	10	11
08/09/23	2023-09	F	2.4	10	12
08/09/23	2023-09	M	1.5	10	10
08/09/23	2023-09	M	1.86	10	11
08/09/23	2023-09	M	2.94	11	13
08/09/23	2023-09	M	3.96	11	14
18/09/23	2023-09	M	0.8	30	9
18/09/23	2023-09	M	1.06	30	9
18/09/23	2023-09	M	0.76	30	8
18/09/23	2023-09	M	0.98	30	9
18/09/23	2023-09	M	0.7	30	8
18/09/23	2023-09	M	0.8	30	8
18/09/23	2023-09	M	0.82	30	8
18/09/23	2023-09	M	0.82	30	8
18/09/23	2023-09	F	0.64	30	8
18/09/23	2023-09	F	0.82	30	8
18/09/23	2023-09	M	0.84	30	8
18/09/23	2023-09	M	0.68	30	8
18/09/23	2023-09	F	0.6	30	8
18/09/23	2023-09	M	0.66	30	7
18/09/23	2023-09	F	0.9	30	9
18/09/23	2023-09	F	0.9	30	8
18/09/23	2023-09	F	0.8	30	8
18/09/23	2023-09	F	0.9	30	9
18/09/23	2023-09	M	0.94	30	9
18/09/23	2023-09	M	0.7	30	8
18/09/23	2023-09	M	0.8	30	8
18/09/23	2023-09	M	0.86	30	9
18/09/23	2023-09	M	0.78	30	8
18/09/23	2023-09	F	0.92	30	8
18/09/23	2023-09	F	0.76	20	8
18/09/23	2023-09	M	1.74	20	11
18/09/23	2023-09	M	1.16	20	9
18/09/23	2023-09	F	1.36	20	9
18/09/23	2023-09	M	1.1	20	9
18/09/23	2023-09	F	1.38	20	9
18/09/23	2023-09	M	1.44	20	11
18/09/23	2023-09	F	1.3	20	11
18/09/23	2023-09	F	1.7	20	12
18/09/23	2023-09	F	1.76	20	11
18/09/23	2023-09	M	1.38	20	11
18/09/23	2023-09	M	1.1	20	9
18/09/23	2023-09	M	1.56	20	11
18/09/23	2023-09	F	1.2	20	9
18/09/23	2023-09	M	1.8	20	11
18/09/23	2023-09	M	1.78	20	11
18/09/23	2023-09	M	1.54	20	11
18/09/23	2023-09	M	0.96	20	8
18/09/23	2023-09	F	1.6	20	10
18/09/23	2023-09	M	1.18	20	9
18/09/23	2023-09	F	1.4	20	11
18/09/23	2023-09	F	1.52	20	10
18/09/23	2023-09	M	1.34	20	10
18/09/23	2023-09	M	1.36	20	10
18/09/23	2023-09	F	1.36	20	10
18/09/23	2023-09	M	0.98	20	9
18/09/23	2023-09	F	2.12	10	14
18/09/23	2023-09	M	2.92	10	14
18/09/23	2023-09	M	2.04	10	12
18/09/23	2023-09	F	1.92	10	11
18/09/23	2023-09	F	2.78	10	12
18/09/23	2023-09	F	2.08	10	12
18/09/23	2023-09	M	2.34	10	14
18/09/23	2023-09	F	2.06	10	13
18/09/23	2023-09	F	2.18	10	13
18/09/23	2023-09	F	1.88	10	13
18/09/23	2023-09	F	2.04	10	12
18/09/23	2023-09	F	2.06	10	13
18/09/23	2023-09	M	2.34	10	13
18/09/23	2023-09	M	2.28	10	12
18/09/23	2023-09	M	2	10	12
18/09/23	2023-09	F	2.18	10	12
18/09/23	2023-09	F	2.16	10	12
18/09/23	2023-09	M	2.06	10	13
18/09/23	2023-09	M	2.9	10	13
18/09/23	2023-09	F	2.24	10	11
18/09/23	2023-09	F	2.34	10	13
18/09/23	2023-09	F	2.12	10	11
18/09/23	2023-09	F	2.6	10	13
18/09/23	2023-09	F	2.24	10	12
18/09/23	2023-09	F	2.68	10	14
18/09/23	2023-09	M	3.78	11	15
18/09/23	2023-09	M	3.3	11	13
18/09/23	2023-09	F	3.4	11	16
18/09/23	2023-09	M	3.51	11	14
18/09/23	2023-09	M	3.92	11	14
18/09/23	2023-09	M	3.78	11	15
18/09/23	2023-09	M	3.08	11	14
18/09/23	2023-09	F	3.86	11	14
18/09/23	2023-09	M	3.34	11	15
18/09/23	2023-09	F	2.72	11	13
18/09/23	2023-09	M	3	11	13
18/09/23	2023-09	M	2.42	11	12
18/09/23	2023-09	M	4.36	11	16
18/09/23	2023-09	M	3.86	11	16
18/09/23	2023-09	M	3.28	11	14
18/09/23	2023-09	M	3.18	11	14
18/09/23	2023-09	M	3.28	11	13
18/09/23	2023-09	M	3.2	11	13
18/09/23	2023-09	M	3.12	11	14
18/09/23	2023-09	M	3.28	11	13
18/09/23	2023-09	F	2.98	11	14
18/09/23	2023-09	F	3.98	11	16
18/09/23	2023-09	M	3.98	11	16
18/09/23	2023-09	F	2.98	11	13
18/09/23	2023-09	F	4.26	11	15
03/10/23	2023-10	F	0.7	30	9
03/10/23	2023-10	F	0.5	30	7
03/10/23	2023-10	F	0.8	30	9
03/10/23	2023-10	M	0.78	30	9
03/10/23	2023-10	F	0.92	30	9
03/10/23	2023-10	M	0.72	30	7
03/10/23	2023-10	F	0.9	30	9
03/10/23	2023-10	M	0.6	30	8
03/10/23	2023-10	F	0.72	30	7
03/10/23	2023-10	F	0.66	30	7
03/10/23	2023-10	F	0.6	30	7
03/10/23	2023-10	M	0.6	30	8
03/10/23	2023-10	M	0.86	30	9
03/10/23	2023-10	M	0.8	30	9
03/10/23	2023-10	M	0.94	30	9
03/10/23	2023-10	F	0.92	30	9
03/10/23	2023-10	M	1	30	8
03/10/23	2023-10	F	0.88	30	8
03/10/23	2023-10	F	0.96	30	9
03/10/23	2023-10	F	0.82	30	8
03/10/23	2023-10	M	0.82	30	8
03/10/23	2023-10	M	1	30	8
03/10/23	2023-10	M	1.02	30	8
03/10/23	2023-10	M	0.89	30	8
03/10/23	2023-10	M	0.92	30	9
03/10/23	2023-10	M	0.84	30	8
03/10/23	2023-10	F	0.88	30	9
03/10/23	2023-10	M	1.7	20	11
03/10/23	2023-10	F	1.9	20	10
03/10/23	2023-10	F	1.44	20	10
03/10/23	2023-10	F	1.34	20	9
03/10/23	2023-10	F	1.7	20	10
03/10/23	2023-10	M	1.92	20	11
03/10/23	2023-10	F	1.84	20	10
03/10/23	2023-10	M	1.36	20	9
03/10/23	2023-10	M	1.94	20	11
03/10/23	2023-10	F	1.36	20	11
03/10/23	2023-10	M	1.96	20	10
03/10/23	2023-10	M	1.94	20	10
03/10/23	2023-10	M	1.42	20	10
03/10/23	2023-10	M	2.14	20	12
03/10/23	2023-10	F	1.22	20	10
03/10/23	2023-10	F	1.42	20	10
03/10/23	2023-10	M	1.98	20	11
03/10/23	2023-10	M	1.34	20	9
03/10/23	2023-10	M	1.46	20	10
03/10/23	2023-10	M	1.48	20	9
03/10/23	2023-10	M	2.48	20	12
03/10/23	2023-10	F	1.92	20	11
03/10/23	2023-10	M	1.7	20	10
03/10/23	2023-10	M	1.1	20	10
03/10/23	2023-10	M	1.35	20	10
03/10/23	2023-10	M	2.24	20	12
03/10/23	2023-10	F	2.2	10	12
03/10/23	2023-10	F	3.34	10	14
03/10/23	2023-10	F	2.46	10	13
03/10/23	2023-10	F	2.18	10	11
03/10/23	2023-10	F	2.74	10	13
03/10/23	2023-10	F	2.98	10	14
03/10/23	2023-10	F	2.06	10	12
03/10/23	2023-10	F	1.74	10	11
03/10/23	2023-10	F	1.58	10	10
03/10/23	2023-10	F	1.7	10	10
03/10/23	2023-10	F	2.72	10	13
03/10/23	2023-10	M	1.96	10	11
03/10/23	2023-10	M	1.5	10	11
03/10/23	2023-10	M	2.56	10	13
03/10/23	2023-10	M	2.38	10	12
03/10/23	2023-10	F	2.54	10	12
03/10/23	2023-10	M	2.1	10	12
03/10/23	2023-10	M	2.96	10	13
03/10/23	2023-10	M	2.52	10	12
03/10/23	2023-10	M	2.74	10	13
03/10/23	2023-10	F	2.18	10	12
03/10/23	2023-10	M	2.64	10	16
03/10/23	2023-10	F	2.26	10	10
03/10/23	2023-10	M	2.66	10	12
03/10/23	2023-10	F	2.32	10	13
03/10/23	2023-10	F	3.96	11	16
03/10/23	2023-10	M	3.3	11	15
03/10/23	2023-10	F	3	11	16
03/10/23	2023-10	M	4.54	11	18
03/10/23	2023-10	F	3.1	11	15
03/10/23	2023-10	M	3.14	11	15
03/10/23	2023-10	F	3.62	11	16
03/10/23	2023-10	F	3.4	11	16
03/10/23	2023-10	F	3.36	11	14
03/10/23	2023-10	F	2.9	11	13
03/10/23	2023-10	M	3.76	11	15
03/10/23	2023-10	M	3.92	11	15
03/10/23	2023-10	F	4.24	11	15
03/10/23	2023-10	M	3.12	11	15
03/10/23	2023-10	F	2.84	11	14
03/10/23	2023-10	M	3.78	11	16
03/10/23	2023-10	M	4.98	11	17
03/10/23	2023-10	F	3.26	11	15
03/10/23	2023-10	F	4.34	11	16
03/10/23	2023-10	M	3.82	11	16
03/10/23	2023-10	F	2.98	11	14
03/10/23	2023-10	M	3	11	14
03/10/23	2023-10	F	3.94	11	15
03/10/23	2023-10	F	4.58	11	16
03/10/23	2023-10	M	4.22	11	15
24/10/23	2023-10	M	2.16	10	13
24/10/23	2023-10	F	2.34	10	13
24/10/23	2023-10	F	2.14	10	12
24/10/23	2023-10	M	2.34	10	13
24/10/23	2023-10	F	2.3	10	13
24/10/23	2023-10	M	2.9	10	15
24/10/23	2023-10	M	2.9	10	14
24/10/23	2023-10	F	2.76	10	13
24/10/23	2023-10	M	2.8	10	13
24/10/23	2023-10	M	2.74	10	14
24/10/23	2023-10	F	2.86	10	14
24/10/23	2023-10	F	2.6	10	13
24/10/23	2023-10	M	2.34	10	12
24/10/23	2023-10	F	2.08	10	11
24/10/23	2023-10	F	2.3	10	12
24/10/23	2023-10	F	2.74	10	13
24/10/23	2023-10	F	2.16	10	12
24/10/23	2023-10	M	2.06	10	12
24/10/23	2023-10	M	2.16	10	12
24/10/23	2023-10	F	2.08	10	12
24/10/23	2023-10	M	1.98	10	12
24/10/23	2023-10	M	1.96	10	13
24/10/23	2023-10	F	2	10	12
24/10/23	2023-10	F	2.1	10	13
24/10/23	2023-10	F	2.18	10	13
24/10/23	2023-10	F	1.02	20	10
24/10/23	2023-10	F	1.52	20	12
24/10/23	2023-10	F	1.62	20	11
24/10/23	2023-10	F	1.5	20	10
24/10/23	2023-10	M	1.62	20	12
24/10/23	2023-10	M	1.94	20	14
24/10/23	2023-10	F	1.32	20	10
24/10/23	2023-10	F	1.64	20	11
24/10/23	2023-10	F	1.7	20	12
24/10/23	2023-10	M	1.2	20	10
24/10/23	2023-10	F	1.22	20	9
24/10/23	2023-10	F	1.68	20	11
24/10/23	2023-10	F	1.44	20	11
24/10/23	2023-10	M	1.52	20	11
24/10/23	2023-10	F	1.72	20	12
24/10/23	2023-10	M	1.98	20	12
24/10/23	2023-10	F	1.36	20	10
24/10/23	2023-10	F	1.64	20	11
24/10/23	2023-10	M	1.84	20	11
24/10/23	2023-10	F	1.28	20	9
24/10/23	2023-10	M	2.04	20	13
24/10/23	2023-10	F	1.34	20	10
24/10/23	2023-10	F	1.64	20	11
24/10/23	2023-10	F	1.38	20	11
24/10/23	2023-10	F	1.4	20	11
24/10/23	2023-10	M	4.16	11	16
24/10/23	2023-10	M	4.98	11	17
24/10/23	2023-10	M	3.88	11	16
24/10/23	2023-10	M	3.76	11	14
24/10/23	2023-10	M	3.46	11	16
24/10/23	2023-10	F	3.54	11	14
24/10/23	2023-10	F	3.52	11	14
24/10/23	2023-10	M	3.16	11	14
24/10/23	2023-10	F	2.74	11	13
24/10/23	2023-10	F	3.86	11	16
24/10/23	2023-10	F	4.64	11	16
24/10/23	2023-10	F	4.22	11	15
24/10/23	2023-10	F	3.12	11	15
24/10/23	2023-10	M	3.34	11	16
24/10/23	2023-10	M	4.36	11	15
24/10/23	2023-10	F	3.36	11	14
24/10/23	2023-10	F	3.26	11	13
24/10/23	2023-10	F	2.94	11	15
24/10/23	2023-10	F	2.9	11	14
24/10/23	2023-10	M	3.02	11	14
24/10/23	2023-10	M	3.12	11	14
24/10/23	2023-10	F	3.48	11	16
24/10/23	2023-10	M	3.38	11	14
24/10/23	2023-10	M	4.44	11	16
24/10/23	2023-10	M	3.46	11	14
24/10/23	2023-10	F	0.96	30	9
24/10/23	2023-10	M	0.86	30	9
24/10/23	2023-10	F	0.66	30	8
24/10/23	2023-10	M	0.96	30	9
24/10/23	2023-10	M	0.86	30	10
24/10/23	2023-10	F	1.22	30	9
24/10/23	2023-10	F	0.82	30	9
24/10/23	2023-10	M	0.68	30	8
24/10/23	2023-10	F	0.76	30	9
24/10/23	2023-10	F	1.18	30	10
24/10/23	2023-10	F	0.84	30	9
24/10/23	2023-10	M	0.9	30	9
24/10/23	2023-10	M	1	30	11
24/10/23	2023-10	M	0.86	30	9
24/10/23	2023-10	F	0.88	30	9
24/10/23	2023-10	F	0.84	30	8
24/10/23	2023-10	F	1.04	30	9
24/10/23	2023-10	F	0.68	30	8
24/10/23	2023-10	M	1.12	30	10
24/10/23	2023-10	M	0.82	30	9
24/10/23	2023-10	M	1.22	30	9
24/10/23	2023-10	F	0.9	30	9
24/10/23	2023-10	F	0.8	30	8
24/10/23	2023-10	M	0.6	30	8
24/10/23	2023-10	F	1.12	30	11
07/11/23	2023-11	F	0.74	30	9
07/11/23	2023-11	F	0.66	30	8
07/11/23	2023-11	F	0.8	30	9
07/11/23	2023-11	F	0.52	30	7
07/11/23	2023-11	F	0.82	30	9
07/11/23	2023-11	F	0.9	30	9
07/11/23	2023-11	F	0.92	30	9
07/11/23	2023-11	F	0.74	30	8
07/11/23	2023-11	F	0.68	30	8
07/11/23	2023-11	F	0.8	30	8
07/11/23	2023-11	F	0.66	30	9
07/11/23	2023-11	M	0.94	30	9
07/11/23	2023-11	M	0.6	30	7
07/11/23	2023-11	F	0.82	30	9
07/11/23	2023-11	M	0.9	30	9
07/11/23	2023-11	F	0.7	30	8
07/11/23	2023-11	F	0.74	30	8
07/11/23	2023-11	M	0.8	30	8
07/11/23	2023-11	F	0.82	30	9
07/11/23	2023-11	F	0.86	30	9
07/11/23	2023-11	F	0.9	30	9
07/11/23	2023-11	F	0.36	30	6
07/11/23	2023-11	M	0.58	30	7
07/11/23	2023-11	M	0.78	30	8
07/11/23	2023-11	M	0.64	30	8
07/11/23	2023-11	F	1.42	20	10
07/11/23	2023-11	M	1.74	20	10
07/11/23	2023-11	F	1.64	20	11
07/11/23	2023-11	F	1.18	20	9
07/11/23	2023-11	M	1.82	20	11
07/11/23	2023-11	F	1.5	20	10
07/11/23	2023-11	M	1.88	20	12
07/11/23	2023-11	F	1.18	20	8
07/11/23	2023-11	M	1.6	20	11
07/11/23	2023-11	F	1.5	20	10
07/11/23	2023-11	F	1.38	20	11
07/11/23	2023-11	F	1.78	20	10
07/11/23	2023-11	F	1.7	20	11
07/11/23	2023-11	F	1.44	20	11
07/11/23	2023-11	F	1.59	20	10
07/11/23	2023-11	F	1.34	20	9
07/11/23	2023-11	F	1.56	20	10
07/11/23	2023-11	F	1.68	20	11
07/11/23	2023-11	F	1.4	20	9
07/11/23	2023-11	M	1.6	20	10
07/11/23	2023-11	F	1.16	20	9
07/11/23	2023-11	M	1.04	20	9
07/11/23	2023-11	F	1.02	20	8
07/11/23	2023-11	M	1.4	20	10
07/11/23	2023-11	M	1.18	20	10
07/11/23	2023-11	M	1.26	20	10
07/11/23	2023-11	M	1.8	20	11
07/11/23	2023-11	M	1.3	20	10
07/11/23	2023-11	F	1.92	20	9
07/11/23	2023-11	F	1.16	20	9
07/11/23	2023-11	F	1.22	20	10
07/11/23	2023-11	F	1.78	20	10
07/11/23	2023-11	M	2.36	10	12
07/11/23	2023-11	F	2.88	10	14
07/11/23	2023-11	F	2.08	10	12
07/11/23	2023-11	F	1.9	10	12
07/11/23	2023-11	F	2.28	10	13
07/11/23	2023-11	M	2.08	10	13
07/11/23	2023-11	M	2.14	10	13
07/11/23	2023-11	F	2.28	10	13
07/11/23	2023-11	M	1.98	10	11
07/11/23	2023-11	M	2.12	10	12
07/11/23	2023-11	F	1.98	10	10
07/11/23	2023-11	F	2.6	10	14
07/11/23	2023-11	M	2.56	10	12
07/11/23	2023-11	F	2.18	10	13
07/11/23	2023-11	F	1.9	10	12
07/11/23	2023-11	F	2.38	10	13
07/11/23	2023-11	M	2.28	10	13
07/11/23	2023-11	F	2.58	10	12
07/11/23	2023-11	M	1.88	10	12
07/11/23	2023-11	M	2.62	10	13
07/11/23	2023-11	F	2.72	10	13
07/11/23	2023-11	M	2.44	10	12
07/11/23	2023-11	F	2.08	10	13
07/11/23	2023-11	M	2.2	10	13
07/11/23	2023-11	M	2.08	10	11
07/11/23	2023-11	F	2.74	10	13
07/11/23	2023-11	F	3.4	11	15
07/11/23	2023-11	F	3.4	11	13
07/11/23	2023-11	F	3.84	11	14
07/11/23	2023-11	M	3.4	11	13
07/11/23	2023-11	F	3.5	11	15
07/11/23	2023-11	F	3.06	11	14
07/11/23	2023-11	M	3.98	11	17
07/11/23	2023-11	F	3.32	11	14
07/11/23	2023-11	F	2.88	11	13
07/11/23	2023-11	M	2.72	11	14
07/11/23	2023-11	F	2.92	11	14
07/11/23	2023-11	M	3.14	11	14
07/11/23	2023-11	F	3.8	11	16
07/11/23	2023-11	F	3.88	11	15
07/11/23	2023-11	M	3.12	11	12
23/11/23	2023-11	F	0.74	30	7
23/11/23	2023-11	M	0.74	30	7
23/11/23	2023-11	F	0.89	30	9
23/11/23	2023-11	F	0.87	30	7
23/11/23	2023-11	M	0.8	30	8
23/11/23	2023-11	F	1.04	30	9
23/11/23	2023-11	F	0.67	30	7
23/11/23	2023-11	F	0.73	30	8
23/11/23	2023-11	F	0.5	30	6
23/11/23	2023-11	F	0.57	30	7
23/11/23	2023-11	F	0.56	30	7
23/11/23	2023-11	F	0.74	30	7
23/11/23	2023-11	F	0.87	30	8
23/11/23	2023-11	M	0.93	30	8
23/11/23	2023-11	M	1.17	30	9
23/11/23	2023-11	M	0.87	30	8
23/11/23	2023-11	F	0.89	30	8
23/11/23	2023-11	F	0.98	30	9
23/11/23	2023-11	F	0.83	30	7
23/11/23	2023-11	F	1.09	30	10
23/11/23	2023-11	F	1.02	30	8
23/11/23	2023-11	F	0.91	30	8
23/11/23	2023-11	M	0.96	30	8
23/11/23	2023-11	F	0.92	30	9
23/11/23	2023-11	F	0.96	30	9
23/11/23	2023-11	M	1.63	20	9
23/11/23	2023-11	M	1.49	20	9
23/11/23	2023-11	M	1.48	20	10
23/11/23	2023-11	M	1.4	20	11
23/11/23	2023-11	M	1.71	20	10
23/11/23	2023-11	M	1.179	20	11
23/11/23	2023-11	F	1.71	20	11
23/11/23	2023-11	M	1.77	20	11
23/11/23	2023-11	F	1.25	20	8
23/11/23	2023-11	F	1.85	20	10
23/11/23	2023-11	F	1.34	20	9
23/11/23	2023-11	F	1.46	20	9
23/11/23	2023-11	M	1.36	20	9
23/11/23	2023-11	M	1.79	20	10
23/11/23	2023-11	M	1.5	20	10
23/11/23	2023-11	F	1.05	20	9
23/11/23	2023-11	F	1.48	20	10
23/11/23	2023-11	F	1.39	20	9
23/11/23	2023-11	M	1.84	20	11
23/11/23	2023-11	F	1.22	20	9
23/11/23	2023-11	F	1.14	20	9
23/11/23	2023-11	F	1.08	20	8
23/11/23	2023-11	M	1.64	20	10
23/11/23	2023-11	F	1.37	20	9
23/11/23	2023-11	M	1.22	20	9
23/11/23	2023-11	M	2.58	10	13
23/11/23	2023-11	M	2.35	10	13
23/11/23	2023-11	M	2.73	10	13
23/11/23	2023-11	M	2.8	10	14
23/11/23	2023-11	M	2.31	10	12
23/11/23	2023-11	M	2.24	10	11
23/11/23	2023-11	F	2	10	11
23/11/23	2023-11	M	2.5	10	14
23/11/23	2023-11	M	2.57	10	11
23/11/23	2023-11	M	2.04	10	12
23/11/23	2023-11	M	2.56	10	13
23/11/23	2023-11	F	2.02	10	12
23/11/23	2023-11	M	2.53	10	12
23/11/23	2023-11	M	2.09	10	12
23/11/23	2023-11	M	2.57	10	12
23/11/23	2023-11	M	2.62	10	12
23/11/23	2023-11	M	2.45	10	13
23/11/23	2023-11	F	2.34	10	11
23/11/23	2023-11	M	2.23	10	12
23/11/23	2023-11	M	2.37	10	13
23/11/23	2023-11	F	2.87	10	14
23/11/23	2023-11	M	2.08	10	12
23/11/23	2023-11	M	2.72	10	12
23/11/23	2023-11	M	2.3	10	11
23/11/23	2023-11	F	2.09	10	12
06/12/23	2023-12	M	0.54	30	7
06/12/23	2023-12	M	0.86	30	8
06/12/23	2023-12	F	0.84	30	8
06/12/23	2023-12	M	0.86	30	9
06/12/23	2023-12	F	0.64	30	8
06/12/23	2023-12	M	0.82	30	8
06/12/23	2023-12	F	0.86	30	8
06/12/23	2023-12	M	0.9	30	8
06/12/23	2023-12	M	0.88	30	9
06/12/23	2023-12	F	0.62	30	8
06/12/23	2023-12	F	0.64	30	8
06/12/23	2023-12	F	0.64	30	8
06/12/23	2023-12	F	0.82	30	9
06/12/23	2023-12	F	0.86	30	8
06/12/23	2023-12	F	0.82	30	8
06/12/23	2023-12	M	0.68	30	7
06/12/23	2023-12	M	0.82	30	8
06/12/23	2023-12	M	0.86	30	8
06/12/23	2023-12	F	0.72	30	8
06/12/23	2023-12	F	0.66	30	7
06/12/23	2023-12	F	0.72	30	7
06/12/23	2023-12	M	0.84	30	8
06/12/23	2023-12	M	0.78	30	8
06/12/23	2023-12	F	1.88	20	11
06/12/23	2023-12	F	2.08	20	12
06/12/23	2023-12	M	1.72	20	11
06/12/23	2023-12	M	1.9	20	11
06/12/23	2023-12	F	1.16	20	9
06/12/23	2023-12	M	1.66	20	12
06/12/23	2023-12	M	1.84	20	12
06/12/23	2023-12	M	1.1	20	9
06/12/23	2023-12	M	0.92	20	10
06/12/23	2023-12	M	0.98	20	9
06/12/23	2023-12	M	1.16	20	9
06/12/23	2023-12	F	2.05	20	12
06/12/23	2023-12	M	1.32	20	10
06/12/23	2023-12	F	0.86	20	9
06/12/23	2023-12	F	1.46	20	11
06/12/23	2023-12	F	1.1	20	8
06/12/23	2023-12	M	1.12	20	10
06/12/23	2023-12	M	1.32	20	9
06/12/23	2023-12	M	1.16	20	10
06/12/23	2023-12	M	1.3	20	10
06/12/23	2023-12	F	1.58	20	10
06/12/23	2023-12	F	1.7	20	9
06/12/23	2023-12	F	1.54	20	11
06/12/23	2023-12	F	1.8	20	11
06/12/23	2023-12	M	1.76	20	10
06/12/23	2023-12	F	2.64	10	13
06/12/23	2023-12	M	2.52	10	14
06/12/23	2023-12	F	2.5	10	13
06/12/23	2023-12	F	2.86	10	14
06/12/23	2023-12	F	2.58	10	14
06/12/23	2023-12	F	2.06	10	12
06/12/23	2023-12	M	2.4	10	13
06/12/23	2023-12	F	2.14	10	13
06/12/23	2023-12	M	2.1	10	12
06/12/23	2023-12	F	2.18	10	12
06/12/23	2023-12	F	1.9	10	11
06/12/23	2023-12	M	2.18	10	12
06/12/23	2023-12	M	2.02	10	12
06/12/23	2023-12	F	2.4	10	12
06/12/23	2023-12	M	2.22	10	13
06/12/23	2023-12	M	2.42	10	13
06/12/23	2023-12	M	2.8	10	13
06/12/23	2023-12	F	2.12	10	13
06/12/23	2023-12	M	2.7	10	12
06/12/23	2023-12	M	2.9	10	14
06/12/23	2023-12	F	2.24	10	13
06/12/23	2023-12	M	2.68	10	11
06/12/23	2023-12	M	1.84	10	11
06/12/23	2023-12	F	1.84	10	11
06/12/23	2023-12	F	1.98	10	11
06/12/23	2023-12	F	7.92	11	18
06/12/23	2023-12	F	5.34	11	17
06/12/23	2023-12	M	3.64	11	14
06/12/23	2023-12	F	4.22	11	16
06/12/23	2023-12	F	5.52	11	14
06/12/23	2023-12	F	3.48	11	13
06/12/23	2023-12	M	3.9	11	17
06/12/23	2023-12	F	3.46	11	14
06/12/23	2023-12	M	3.64	11	13
06/12/23	2023-12	F	4.36	11	16
06/12/23	2023-12	F	2.84	11	13
06/12/23	2023-12	M	3.28	11	15
06/12/23	2023-12	F	4.98	11	17
06/12/23	2023-12	M	3.58	11	14
06/12/23	2023-12	F	2.66	11	13
06/12/23	2023-12	M	3.2	11	14
06/12/23	2023-12	F	4.38	11	14
06/12/23	2023-12	F	3.8	11	13
06/12/23	2023-12	F	3.1	11	14
06/12/23	2023-12	F	3	11	14
06/12/23	2023-12	F	3.18	11	14
06/12/23	2023-12	F	3.98	11	15
06/12/23	2023-12	M	3.28	11	14
06/12/23	2023-12	M	3.22	11	14
06/12/23	2023-12	M	3.78	11	15
11/01/24	2024-01	F	0.78	30	9
11/01/24	2024-01	F	0.7	30	8
11/01/24	2024-01	F	0.6	30	8
11/01/24	2024-01	M	0.66	30	8
11/01/24	2024-01	F	0.74	30	8
11/01/24	2024-01	F	0.82	30	9
11/01/24	2024-01	F	0.76	30	9
11/01/24	2024-01	M	0.8	30	8
11/01/24	2024-01	F	0.68	30	11
11/01/24	2024-01	F	1.42	20	11
11/01/24	2024-01	F	1.2	20	10
11/01/24	2024-01	M	1.7	20	11
11/01/24	2024-01	F	1.48	20	11
11/01/24	2024-01	F	1.58	20	11
11/01/24	2024-01	F	1.14	20	11
11/01/24	2024-01	F	1.88	20	12
11/01/24	2024-01	F	1.8	20	12
11/01/24	2024-01	F	1.16	20	10
11/01/24	2024-01	F	1.86	20	12
11/01/24	2024-01	F	1.22	20	10
11/01/24	2024-01	F	0.96	20	9
11/01/24	2024-01	M	1.12	20	10
11/01/24	2024-01	F	1.32	20	11
11/01/24	2024-01	F	1.26	20	10
11/01/24	2024-01	F	1.66	20	12
11/01/24	2024-01	F	1.68	20	11
11/01/24	2024-01	F	1.98	20	12
11/01/24	2024-01	F	1.6	20	12
11/01/24	2024-01	F	1.72	20	12
11/01/24	2024-01	M	1.68	20	12
11/01/24	2024-01	F	1.67	20	11
11/01/24	2024-01	F	1.5	20	13
11/01/24	2024-01	F	1.92	20	13
11/01/24	2024-01	F	1.52	20	12
11/01/24	2024-01	F	2.3	10	12
11/01/24	2024-01	F	2.8	10	14
11/01/24	2024-01	F	2	10	13
11/01/24	2024-01	F	2.16	10	13
11/01/24	2024-01	F	2.2	10	13
11/01/24	2024-01	F	2.68	10	14
11/01/24	2024-01	F	2.98	10	14
11/01/24	2024-01	F	2.82	10	14
11/01/24	2024-01	F	2.3	10	13
11/01/24	2024-01	F	2.46	10	13
11/01/24	2024-01	M	2.24	10	12
11/01/24	2024-01	F	2.18	10	13
11/01/24	2024-01	F	2.08	10	13
11/01/24	2024-01	M	2.46	10	13
11/01/24	2024-01	M	2.22	10	12
11/01/24	2024-01	M	2.18	10	13
11/01/24	2024-01	M	2.04	10	13
11/01/24	2024-01	M	2.78	10	13
11/01/24	2024-01	M	2.72	10	12
11/01/24	2024-01	M	3	10	14
11/01/24	2024-01	F	2.42	10	14
11/01/24	2024-01	F	2.8	10	12
11/01/24	2024-01	F	2.98	10	14
11/01/24	2024-01	F	2.7	10	14
11/01/24	2024-01	F	2.86	10	14
11/01/24	2024-01	F	3.86	11	15
11/01/24	2024-01	M	3.82	11	16
11/01/24	2024-01	M	3.24	11	13
11/01/24	2024-01	M	3.6	11	14
11/01/24	2024-01	M	3	11	14
11/01/24	2024-01	M	3.64	11	16
11/01/24	2024-01	F	3.16	11	16
11/01/24	2024-01	F	4.96	11	18
11/01/24	2024-01	F	3.34	11	14
11/01/24	2024-01	M	2.84	11	14
11/01/24	2024-01	F	3.78	11	15
11/01/24	2024-01	F	4	11	14
11/01/24	2024-01	M	3.5	11	15
11/01/24	2024-01	F	4.68	11	17
11/01/24	2024-01	M	4.06	11	15
11/01/24	2024-01	M	3.28	11	15
11/01/24	2024-01	F	3.42	11	13
11/01/24	2024-01	F	3.78	11	15
11/01/24	2024-01	F	4.2	11	15
11/01/24	2024-01	M	4.68	11	16
11/01/24	2024-01	M	3.28	11	14
11/01/24	2024-01	M	3.14	11	14
11/01/24	2024-01	F	3.06	11	14
11/01/24	2024-01	M	3.8	11	15
11/01/24	2024-01	F	3.46	11	16
20/02/24	2024-02	M	1.9	30	10
20/02/24	2024-02	F	1.2	30	10
20/02/24	2024-02	F	1.2	30	10
20/02/24	2024-02	M	1.3	30	10
20/02/24	2024-02	F	1.06	30	10
20/02/24	2024-02	M	0.84	30	10
20/02/24	2024-02	M	1.28	30	12
20/02/24	2024-02	M	1	30	10
20/02/24	2024-02	M	1	30	10
20/02/24	2024-02	F	0.82	30	9
20/02/24	2024-02	F	0.58	30	8
20/02/24	2024-02	F	0.8	30	9
20/02/24	2024-02	F	0.8	30	9
20/02/24	2024-02	M	0.98	30	10
20/02/24	2024-02	F	0.58	30	9
20/02/24	2024-02	F	0.5	30	8
20/02/24	2024-02	F	0.72	30	9
20/02/24	2024-02	M	0.56	30	9
20/02/24	2024-02	M	0.74	30	10
20/02/24	2024-02	F	0.82	30	9
20/02/24	2024-02	F	0.84	30	9
20/02/24	2024-02	M	0.72	30	9
20/02/24	2024-02	F	0.46	30	9
20/02/24	2024-02	M	0.76	30	9
20/02/24	2024-02	M	1	30	10
20/02/24	2024-02	F	0.56	30	8
20/02/24	2024-02	M	0.82	30	8
20/02/24	2024-02	M	2.1	20	13
20/02/24	2024-02	F	1.68	20	11
20/02/24	2024-02	F	2.38	20	12
20/02/24	2024-02	F	1.84	20	12
20/02/24	2024-02	F	1.66	20	11
20/02/24	2024-02	F	1.9	20	12
20/02/24	2024-02	F	1.62	20	11
20/02/24	2024-02	F	2.14	20	14
20/02/24	2024-02	F	1.76	20	12
20/02/24	2024-02	F	1.68	20	11
20/02/24	2024-02	M	1.58	20	12
20/02/24	2024-02	F	1.8	20	13
20/02/24	2024-02	M	2.4	20	11
20/02/24	2024-02	M	2.44	20	13
20/02/24	2024-02	F	1.76	20	12
20/02/24	2024-02	F	2.3	20	13
20/02/24	2024-02	F	1.42	20	11
20/02/24	2024-02	M	1.74	20	11
20/02/24	2024-02	F	1.73	20	12
20/02/24	2024-02	F	1.7	20	12
20/02/24	2024-02	M	1.44	20	11
20/02/24	2024-02	F	1.82	20	12
20/02/24	2024-02	M	1.62	20	11
20/02/24	2024-02	F	2.2	20	13
20/02/24	2024-02	F	1.62	20	12
20/02/24	2024-02	F	2.54	10	15
20/02/24	2024-02	M	2.74	10	14
20/02/24	2024-02	M	2.38	10	12
20/02/24	2024-02	F	2.56	10	15
20/02/24	2024-02	F	2.64	10	15
20/02/24	2024-02	F	2.4	10	13
20/02/24	2024-02	M	2.46	10	13
20/02/24	2024-02	M	2.92	10	14
20/02/24	2024-02	M	2.78	10	14
20/02/24	2024-02	F	2.24	10	13
20/02/24	2024-02	M	2.26	10	13
20/02/24	2024-02	M	2.96	10	15
20/02/24	2024-02	M	2.92	10	15
20/02/24	2024-02	M	2.3	10	12
20/02/24	2024-02	F	2.82	10	12
20/02/24	2024-02	F	2.12	10	13
20/02/24	2024-02	F	2.16	10	12
20/02/24	2024-02	F	2.22	10	13
20/02/24	2024-02	F	2.1	10	14
20/02/24	2024-02	M	2.86	10	14
20/02/24	2024-02	M	2.02	10	11
20/02/24	2024-02	M	2.88	10	13
20/02/24	2024-02	M	2.92	10	15
20/02/24	2024-02	F	2.2	10	13
20/02/24	2024-02	M	2.4	10	12
20/02/24	2024-02	F	3.7	11	16
20/02/24	2024-02	M	3.58	11	14
20/02/24	2024-02	F	4.06	11	15
20/02/24	2024-02	M	4.38	11	13
20/02/24	2024-02	F	4.54	11	18
20/02/24	2024-02	M	4.16	11	15
20/02/24	2024-02	M	3.34	11	14
20/02/24	2024-02	M	3.16	11	15
20/02/24	2024-02	M	3.5	11	14
20/02/24	2024-02	M	3.86	11	15
20/02/24	2024-02	F	3.86	11	17
20/02/24	2024-02	F	3.82	11	16
20/02/24	2024-02	M	3.78	11	14
20/02/24	2024-02	M	3.4	11	16
20/02/24	2024-02	F	2.9	11	14
20/02/24	2024-02	M	3.14	11	13
20/02/24	2024-02	M	3.1	11	13
20/02/24	2024-02	F	3.4	11	13
20/02/24	2024-02	F	3.12	11	14
20/02/24	2024-02	M	6.1	11	16
20/02/24	2024-02	M	3.56	11	14
20/02/24	2024-02	M	4.42	11	16
20/02/24	2024-02	M	4	11	13
20/02/24	2024-02	M	4.04	11	16
20/02/24	2024-02	M	3.16	11	14
14/03/24	2024-03	F	1.06	30	8
14/03/24	2024-03	F	1	30	8
14/03/24	2024-03	F	1.12	30	8
14/03/24	2024-03	M	1.06	30	9
14/03/24	2024-03	M	1.12	30	9
14/03/24	2024-03	F	1.08	30	8
14/03/24	2024-03	M	0.86	30	8
14/03/24	2024-03	F	1.11	30	9
14/03/24	2024-03	M	1.12	30	9
14/03/24	2024-03	F	1.06	30	9
14/03/24	2024-03	M	1.12	30	10
14/03/24	2024-03	F	1.16	30	9
14/03/24	2024-03	M	0.98	30	9
14/03/24	2024-03	F	0.9	30	9
14/03/24	2024-03	M	0.92	30	8
14/03/24	2024-03	F	1.92	20	12
14/03/24	2024-03	F	2.06	20	11
14/03/24	2024-03	M	2.08	20	10
14/03/24	2024-03	M	1.96	20	10
14/03/24	2024-03	M	2.02	20	10
14/03/24	2024-03	M	2.14	20	10
14/03/24	2024-03	M	2.14	20	10
14/03/24	2024-03	M	1.66	20	10
14/03/24	2024-03	M	2.26	20	10
14/03/24	2024-03	F	1.88	20	10
14/03/24	2024-03	M	2.1	20	11
14/03/24	2024-03	M	1.64	20	9
14/03/24	2024-03	M	2.08	20	10
14/03/24	2024-03	M	1.36	20	9
14/03/24	2024-03	F	2.16	20	12
14/03/24	2024-03	M	2.16	20	10
14/03/24	2024-03	F	2.2	20	12
14/03/24	2024-03	M	1.72	20	11
14/03/24	2024-03	M	2.1	20	10
14/03/24	2024-03	M	2.1	20	10
14/03/24	2024-03	F	1.88	20	11
14/03/24	2024-03	F	1.82	20	11
14/03/24	2024-03	M	2.42	20	13
14/03/24	2024-03	F	1.82	20	10
14/03/24	2024-03	F	2.02	20	10
14/03/24	2024-03	F	2.5	10	13
14/03/24	2024-03	M	2.6	10	11
14/03/24	2024-03	F	3.06	10	14
14/03/24	2024-03	M	2.42	10	11
14/03/24	2024-03	M	2.76	10	12
14/03/24	2024-03	F	2.36	10	13
14/03/24	2024-03	M	2.82	10	13
14/03/24	2024-03	M	2.44	10	13
14/03/24	2024-03	F	2.36	10	14
14/03/24	2024-03	F	2.28	10	12
14/03/24	2024-03	M	2.48	10	11
14/03/24	2024-03	M	2.8	10	13
14/03/24	2024-03	M	2.5	10	11
14/03/24	2024-03	M	2.4	10	11
14/03/24	2024-03	M	2.5	10	12
14/03/24	2024-03	F	2.14	10	12
14/03/24	2024-03	F	3	10	15
14/03/24	2024-03	M	2.4	10	11
14/03/24	2024-03	F	2.75	10	12
14/03/24	2024-03	F	2.68	10	12
14/03/24	2024-03	F	2.58	10	12
14/03/24	2024-03	M	2.46	10	11
14/03/24	2024-03	M	2.72	10	14
14/03/24	2024-03	F	2.56	10	12
14/03/24	2024-03	M	2.72	10	14
14/03/24	2024-03	F	3.4	11	15
14/03/24	2024-03	F	3	11	15
14/03/24	2024-03	F	3.16	11	16
14/03/24	2024-03	M	3.44	11	14
14/03/24	2024-03	F	3.68	11	14
14/03/24	2024-03	M	3.96	11	13
14/03/24	2024-03	M	3.94	11	13
14/03/24	2024-03	F	3.52	11	15
14/03/24	2024-03	F	3.06	11	15
14/03/24	2024-03	F	3.94	11	15
14/03/24	2024-03	F	3.32	11	14
14/03/24	2024-03	F	2.74	11	15
14/03/24	2024-03	M	4.26	11	15
14/03/24	2024-03	F	3.26	11	14
14/03/24	2024-03	F	4.06	11	15
14/03/24	2024-03	M	2.84	11	13
14/03/24	2024-03	M	3.18	11	11
14/03/24	2024-03	M	4.52	11	16
14/03/24	2024-03	M	2.9	11	12
14/03/24	2024-03	M	2.68	11	13
14/03/24	2024-03	M	2.46	11	13
14/03/24	2024-03	F	2.88	11	13
14/03/24	2024-03	F	2.96	11	12
14/03/24	2024-03	F	3.44	11	15
14/03/24	2024-03	F	2.76	11	15
26/03/24	2024-03	F	0.82	30	9
26/03/24	2024-03	F	0.76	30	9
26/03/24	2024-03	F	0.6	30	7
26/03/24	2024-03	M	0.68	30	9
26/03/24	2024-03	M	0.76	30	8
26/03/24	2024-03	F	0.78	30	9
26/03/24	2024-03	F	0.92	30	9
26/03/24	2024-03	F	0.84	30	7
26/03/24	2024-03	F	1.34	20	10
26/03/24	2024-03	F	1.8	20	12
26/03/24	2024-03	F	1.24	20	9
26/03/24	2024-03	F	1.84	20	11
26/03/24	2024-03	F	1.44	20	11
26/03/24	2024-03	F	1.32	20	10
26/03/24	2024-03	F	1.26	20	10
26/03/24	2024-03	F	1.44	20	10
26/03/24	2024-03	F	1.36	20	10
26/03/24	2024-03	M	1.26	20	11
26/03/24	2024-03	F	1.4	20	11
26/03/24	2024-03	F	1.88	20	11
26/03/24	2024-03	F	1.28	20	10
26/03/24	2024-03	F	1.14	20	10
26/03/24	2024-03	F	1.1	20	10
26/03/24	2024-03	F	1.75	20	11
26/03/24	2024-03	M	1.72	20	11
26/03/24	2024-03	M	1	20	10
26/03/24	2024-03	M	1.56	20	10
26/03/24	2024-03	F	1.14	20	10
26/03/24	2024-03	M	1.28	20	10
26/03/24	2024-03	F	1.42	20	12
26/03/24	2024-03	M	0.76	20	9
26/03/24	2024-03	F	1.3	20	11
26/03/24	2024-03	F	1.88	20	13
26/03/24	2024-03	F	2.16	10	12
26/03/24	2024-03	F	2.56	10	13
26/03/24	2024-03	M	2.14	10	12
26/03/24	2024-03	M	2.84	10	12
26/03/24	2024-03	M	2.28	10	13
26/03/24	2024-03	M	3.04	10	13
26/03/24	2024-03	F	2.68	10	14
26/03/24	2024-03	M	2.28	10	12
26/03/24	2024-03	F	2.52	10	13
26/03/24	2024-03	F	2.18	10	13
26/03/24	2024-03	F	2.38	10	13
26/03/24	2024-03	M	2.54	10	14
26/03/24	2024-03	M	2.34	10	12
26/03/24	2024-03	F	2.1	10	12
26/03/24	2024-03	M	2	10	12
26/03/24	2024-03	M	2.22	10	12
26/03/24	2024-03	F	2.74	10	14
26/03/24	2024-03	M	2.22	10	12
26/03/24	2024-03	M	2.7	10	12
26/03/24	2024-03	F	2.54	10	14
26/03/24	2024-03	M	2.12	10	14
26/03/24	2024-03	M	2.5	10	13
26/03/24	2024-03	M	2.6	10	14
26/03/24	2024-03	M	2.58	10	12
26/03/24	2024-03	M	2.64	10	13
26/03/24	2024-03	M	4.36	11	14
26/03/24	2024-03	M	3.2	11	12
26/03/24	2024-03	F	3.9	11	16
26/03/24	2024-03	M	3.02	11	13
26/03/24	2024-03	M	3.52	11	14
26/03/24	2024-03	M	3.46	11	13
26/03/24	2024-03	F	3.24	11	15
26/03/24	2024-03	M	3.2	11	14
26/03/24	2024-03	F	3.36	11	15
26/03/24	2024-03	M	3.5	11	15
26/03/24	2024-03	M	5.06	11	16
26/03/24	2024-03	F	4.88	11	17
26/03/24	2024-03	M	3.14	11	12
26/03/24	2024-03	M	3.6	11	13
26/03/24	2024-03	F	3.2	11	14
26/03/24	2024-03	F	3.58	11	16
26/03/24	2024-03	M	3.26	11	14
26/03/24	2024-03	F	3.2	11	13
26/03/24	2024-03	F	4.12	11	16
26/03/24	2024-03	M	4.54	11	13
26/03/24	2024-03	M	3.06	11	13
26/03/24	2024-03	M	4.4	11	15
26/03/24	2024-03	M	3.58	11	15
26/03/24	2024-03	F	4.1	11	16
26/03/24	2024-03	F	2.92	11	15
